Opis,Dzielnica,Ilość pokoi,Cena,Powierzchnia,Cena za m2,Link do ogłoszenia
Bezpośrednio 45m2 - 2,Bałuty,2,246 500,44.82,5 500,https://www.otodom.pl/oferta/bezposrednio-45m2-2-pokoje-ID48J4Z.html#ed7b2d23ec
Franciszkańska 139 - zielono cicho wygodnie,Bałuty,3,312 000,54.20,5 756,https://www.otodom.pl/oferta/franciszkanska-139-zielono-cicho-wygodnie-ID46DbN.html#ed7b2d23ec
Nowa kawalerka inwestycyjna na Ogrodowej 4- HIT!,Śródmieście,1,294 140,38.20,7 700,https://www.otodom.pl/pl/oferta/nowa-kawalerka-inwestycyjna-na-ogrodowej-4-hit-ID45YpV.html#ed7b2d23ec
Mieszkanie Retkinia-4242m2 - 2 pok piętro 10/11,Polesie Retkinia,2,286 000,42.42,6 742,https://www.otodom.pl/oferta/mieszkanie-retkinia-42-42m2-2-pok-pietro-10-11-ID494Uk.html#ed7b2d23ec
Nowe 2 Idealne Dla Pary lub inwestycyjnie,Śródmieście,2,256 624,41.24,6 223,https://www.otodom.pl/oferta/nowe-2-pokoje-idealne-dla-pary-lub-inwestycyjnie-ID494T3.html#ed7b2d23ec
Ogródek 38 m2! 2 w doskonałej lokalizacji,Śródmieście,2,262 624,41.04,6 399,https://www.otodom.pl/oferta/ogrodek-38-m2-2-pokoje-w-doskonalej-lokalizacji-ID494T2.html#ed7b2d23ec
Ustawne 3 dla Rodziny - Blisko Parków !,Śródmieście,3,302 702,50.04,6 049,https://www.otodom.pl/pl/oferta/ustawne-3-pokoje-dla-rodziny-blisko-parkow-ID494T1.html#ed7b2d23ec
Mieszkanie 4104 Łódź,Śródmieście,2,256 624,41.04,6 253,https://www.otodom.pl/oferta/mieszkanie-41-04-m-lodz-ID494SZ.html#ed7b2d23ec
3 dla Inwestotora - obok Politechniki!,Śródmieście,3,292 721,45.04,6 499,https://www.otodom.pl/pl/oferta/3-pokoje-dla-inwestotora-obok-politechniki-ID494T0.html#ed7b2d23ec
3 z Pięknym Ogródkiem! 200m Tramwaj,Śródmieście,3,295 645,48.53,6 092,https://www.otodom.pl/pl/oferta/3-pokoje-z-pieknym-ogrodkiem-200m-tramwaj-ID494SY.html#ed7b2d23ec
3 + widna kuchnia -&gt; obok Tramwaj,Śródmieście,3,301 228,49.03,6 144,https://www.otodom.pl/pl/oferta/3-pokoje-widna-kuchnia-obok-tramwaj-ID494SS.html#ed7b2d23ec
3 + Duży Balkon! Hit - blisko Sukcesji,Śródmieście,3,298 415,48.03,6 213,https://www.otodom.pl/pl/oferta/3-pokoje-duzy-balkon-hit-blisko-sukcesji-ID494SU.html#ed7b2d23ec
Bezpośrednio 45m2 - 2,Bałuty,2,246 500,44.82,5 500,https://www.otodom.pl/oferta/bezposrednio-45m2-2-pokoje-ID48J4Z.html#ed7b2d23ec
Apartament 2019 r w stylu glamour!,Bałuty,3,415 000,51,8 137,https://www.otodom.pl/oferta/apartament-2019-r-w-stylu-glamour-ID494Sh.html#ed7b2d23ec
Rozkładowe M3 37 m2 do remontu na Bałutach,Bałuty,2,195 000,37,5 270,https://www.otodom.pl/oferta/rozkladowe-m3-37-m2-do-remontu-na-balutach-ID494Qw.html#ed7b2d23ec
M3 rozkładowe na Bałutach,Bałuty,2,254 490,51,4 990,https://www.otodom.pl/pl/oferta/m3-rozkladowe-na-balutach-ID494Qu.html#ed7b2d23ec
Mieszkanie 4513 Łódź,Bałuty,2,229 000,45.13,5 074,https://www.otodom.pl/oferta/mieszkanie-45-13-m-lodz-ID494Qs.html#ed7b2d23ec
2-pokojowe Piotrkowska- Prywatna kamienica,Śródmieście,2,5 500,54,102,https://www.otodom.pl/pl/oferta/2-pokojowe-piotrkowska-prywatna-kamienica-ID494Q4.html#ed7b2d23ec
Dwa 42 m2 ul. Władysława Króla,Polesie Retkinia,2,263 000,42.50,6 188,https://www.otodom.pl/pl/oferta/dwa-pokoje-42-m2-ul-wladyslawa-krola-ID494PC.html#ed7b2d23ec
1-pokojowe ul. Piotrkowska z CO- Prywatna kamienic,Śródmieście,1,5 500,54,102,https://www.otodom.pl/pl/oferta/1-pokojowe-ul-piotrkowska-z-co-prywatna-kamienic-ID494Pf.html#ed7b2d23ec
Dwa 40m2! Promocja!,Śródmieście,2,265 090,40.29,6 580,https://www.otodom.pl/pl/oferta/dwa-pokoje-40m2-promocja-ID46bP7.html#ed7b2d23ec
Trzy 45m2 kup zanim ceny wzrosną!,Śródmieście,3,292 806,44.91,6 520,https://www.otodom.pl/pl/oferta/trzy-pokoje-45m2-kup-zanim-ceny-wzrosna-ID45iae.html#ed7b2d23ec
Mieszkanie 51m2+balkon 45m2 dwie sypialnie!,Śródmieście,3,309 962,51.35,6 036,https://www.otodom.pl/oferta/mieszkanie-51m2-balkon-4-5m2-dwie-sypialnie-ID46IgN.html#ed7b2d23ec
Apartament 51m22-3 sypialnie! Dla studentów!,Śródmieście,3,309 962,51.35,6 036,https://www.otodom.pl/pl/oferta/apartament-51m2-2-3-sypialnie-dla-studentow-ID46shb.html#ed7b2d23ec
Mieszkanie w apartamentowcu 40.89m2+ balkon!,Śródmieście,2,258 095,40.89,6 312,https://www.otodom.pl/pl/oferta/mieszkanie-w-apartamentowcu-40-89m2-balkon-ID45N7X.html#ed7b2d23ec
Dwa 41m2 Promocja!,Śródmieście,2,258 095,40.89,6 312,https://www.otodom.pl/pl/oferta/dwa-pokoje-41m2-promocja-ID48JVr.html#ed7b2d23ec
Stylowe 2-pokojowe mieszkanie po remoncie - GÓRNA,Górna,2,315 000,50.50,6 238,https://www.otodom.pl/oferta/stylowe-2-pokojowe-mieszkanie-po-remoncie-gorna-ID494uf.html#48eb315436
Śliczne 2 pokojowe ul. Cieszyńska 18,Górna,2,302 000,42,7 190,https://www.otodom.pl/pl/oferta/sliczne-2-pokojowe-ul-cieszynska-18-ID48WHB.html#48eb315436
Komfortowe mieszkanie na Retkini,Polesie,3,319 360,52.97,6 029,https://www.otodom.pl/pl/oferta/komfortowe-mieszkanie-na-retkini-ID48v4E.html#48eb315436
Wyprzedaż 3-pokojowych mieszkań. Wybierz najlepsze,Śródmieście,3,297 000,48.37,6 140,https://www.otodom.pl/oferta/wyprzedaz-3-pokojowych-mieszkan-wybierz-najlepsze-ID494Og.html#48eb315436
Pakiet mieszkań w promocyjnej cenie. Kup okazyjnie,Śródmieście,2,268 000,41.10,6 521,https://www.otodom.pl/oferta/pakiet-mieszkan-w-promocyjnej-cenie-kup-okazyjnie-ID494Oc.html#48eb315436
Świetne rozkładowe mieszkanie w bloku z cegły!,Polesie Stare Polesie,3,239 500,44.56,5 375,https://www.otodom.pl/oferta/swietne-rozkladowe-mieszkanie-w-bloku-z-cegly-ID48ZwI.html#48eb315436
Piękne i przytulne mieszkanie na sprzedaż,łódzkie,2,285 000,43,6 628,https://www.otodom.pl/pl/oferta/piekne-i-przytulne-mieszkanie-na-sprzedaz-ID494Jd.html#48eb315436
Przytulne M-3 z balkonem blisko basen i siłownia,Bałuty Teofilów,2,192 000,37.60,5 106,https://www.otodom.pl/oferta/przytulne-m-3-z-balkonem-blisko-basen-i-silownia-ID494FR.html#48eb315436
Rozkładowe Mieszkanie 47m2 - Łódź Górna,Górna,2,269 000,47.17,5 703,https://www.otodom.pl/pl/oferta/rozkladowe-mieszkanie-47m2-lodz-gorna-ID48QcZ.html#48eb315436
Umeblowane mieszkanie po częściowym remoncie,Bałuty Żabieniec,2,260 000,46,5 652,https://www.otodom.pl/pl/oferta/umeblowane-mieszkanie-po-czesciowym-remoncie-ID494DX.html#48eb315436
Po remoncie Manufakturabalkonwinda,Polesie,2,277 000,40,6 925,https://www.otodom.pl/oferta/po-remoncie-manufaktura-balkon-winda-ID48QbV.html#48eb315436
Nowoczesne przytulne mieszkanie na Teofilowie,Bałuty Teofilów,2,283 000,45.16,6 267,https://www.otodom.pl/oferta/nowoczesne-przytulne-mieszkanie-na-teofilowie-ID48CcC.html#48eb315436
REZERWACJA Sprzedam mieszkanie na Dąbrowie,Górna Dąbrowa,2,220 000,37.20,5 914,https://www.otodom.pl/oferta/rezerwacja-sprzedam-mieszkanie-na-dabrowie-ID48Q77.html#48eb315436
Ogłoszenie nieaktualne,Widzew,2,229 000,37.64,6 084,https://www.otodom.pl/pl/oferta/ogloszenie-nieaktualne-ID48N6w.html#48eb315436
Mieszkanie nowe dla rodziny. Pilnie sprzedam!,Polesie,2,283 267,47.29,5 990,https://www.otodom.pl/oferta/mieszkanie-nowe-dla-rodziny-pilnie-sprzedam-ID46AzZ.html#48eb315436
mieszkanie w standardzie Eko do remontu,Bałuty Teofilów,2,210 000,45,4 667,https://www.otodom.pl/pl/oferta/mieszkanie-w-standardzie-eko-do-remontu-ID472Qt.html#48eb315436
Mieszkanie dla pary,Bałuty,2,215 000,36,5 972,https://www.otodom.pl/oferta/mieszkanie-dla-pary-ID47MXt.html#48eb315436
M-3 4242m2 Retkinia Duży Balkon Pełny Rozkład,Polesie Retkinia,2,225 000,42.42,5 304,https://www.otodom.pl/pl/oferta/m-3-42-42m2-retkinia-duzy-balkon-pelny-rozklad-ID494y8.html#48eb315436
M-3 4242m2 Retkinia Południe Duży Balkon,Polesie Retkinia,2,225 000,42.42,5 304,https://www.otodom.pl/oferta/m-3-42-42m2-retkinia-poludnie-duzy-balkon-ID494xR.html#48eb315436
Piękne słoneczne z tarasem na oś. Majowym.,Widzew Zarzew,2,399 000,51.91,7 686,https://www.otodom.pl/pl/oferta/piekne-sloneczne-z-tarasem-na-os-majowym-ID47Goy.html#3819427372
Mieszkanie Bałuty Krawiecka inwestycyjne,Bałuty,2,270 000,51,5 294,https://www.otodom.pl/pl/oferta/mieszkanie-baluty-krawiecka-inwestycyjne-ID492nK.html#3819427372
PŁATNOŚĆ 10/90 Nowe apartamenty BAŁUTY/TEOFILÓW,Bałuty,3,309 392,50.27,6 155,https://www.otodom.pl/pl/oferta/platnosc-10-90-nowe-apartamenty-baluty-teofilow-ID48Jrq.html#3819427372
3 + Widna Kuchnia + Duży Balkon,Widzew,3,319 182,52,6 138,https://www.otodom.pl/oferta/3-pokoje-widna-kuchnia-duzy-balkon-ID494uZ.html#3819427372
3 obok C H Tulipan - Rabaty do - 10%,Widzew,3,316 390,50,6 328,https://www.otodom.pl/oferta/3-pokoje-obok-c-h-tulipan-rabaty-do-10-ID494uX.html#3819427372
2 blisko Szkoły Filmowej - *Rabaty do -10%*,Widzew,2,254 565,37,6 880,https://www.otodom.pl/pl/oferta/2-pokoje-blisko-szkoly-filmowej-rabaty-do-10-ID494uY.html#3819427372
Urokliwy Ogródek - Przestronne 3!,Widzew,3,313 800,51,6 153,https://www.otodom.pl/pl/oferta/urokliwy-ogrodek-przestronne-3-pokoje-ID494uV.html#3819427372
2 + Ogródek Hit! 5 min do Śródmieścia,Widzew,2,248 607,37,6 719,https://www.otodom.pl/oferta/2-pokoje-ogrodek-hit-5-min-do-srodmiescia-ID494uW.html#3819427372
Olechów/Janów apartamentowiec 2020 &quot;pod klucz&quot;,Widzew Janów,2,385 000,44.07,8 736,https://www.otodom.pl/oferta/olechow-janow-apartamentowiec-2020-pod-klucz-ID48lGR.html#3819427372
Stylowe 2-pokojowe mieszkanie po remoncie - GÓRNA,Górna,2,315 000,50.50,6 238,https://www.otodom.pl/pl/oferta/stylowe-2-pokojowe-mieszkanie-po-remoncie-gorna-ID494uf.html#3819427372
Mieszkanie w centrum-Dni otwarte 08.12 wtorek,Śródmieście,2,335 000,51,6 569,https://www.otodom.pl/pl/oferta/mieszkanie-w-centrum-dni-otwarte-08-12-wtorek-ID494tZ.html#3819427372
Dobrze zlokalizowane M4 na Dąbrowie - prywatnie,Górna Dąbrowa,3,267 000,45.10,5 920,https://www.otodom.pl/oferta/dobrze-zlokalizowane-m4-na-dabrowie-prywatnie-ID48n5U.html#3819427372
M3 z balkonem w spokojnej okolicy blisko centrum,Polesie Karolew,2,250 000,48,5 208,https://www.otodom.pl/oferta/m3-z-balkonem-w-spokojnej-okolicy-blisko-centrum-ID494mg.html#3819427372
2 - ul. Staszica po generalnym remoncie!,Bałuty,2,285 000,40,7 125,https://www.otodom.pl/oferta/2-pokoje-ul-staszica-po-generalnym-remoncie-ID48i0e.html#3819427372
Rozkładowe M3 45m2 Teofilów ul. Łanowa Balkon,Bałuty Teofilów,2,209 000,45,4 644,https://www.otodom.pl/pl/oferta/rozkladowe-m3-45m2-teofilow-ul-lanowa-balkon-ID492Jj.html#3819427372
Franciszkańska 139 - zielono cicho wygodnie,Bałuty,3,312 000,54.20,5 756,https://www.otodom.pl/pl/oferta/franciszkanska-139-zielono-cicho-wygodnie-ID46DbN.html#3819427372
M3 rozkładowe 45m2 Rojna Teofilów 2 pok. parter,Bałuty Teofilów,2,229 000,45,5 089,https://www.otodom.pl/pl/oferta/m3-rozkladowe-45m2-rojna-teofilow-2-pok-parter-ID484rZ.html#3819427372
Ostatnie mieszkania Centrum ul. Rewolucji 27 Łódź,Śródmieście,2,199 000,45.39,4 384,https://www.otodom.pl/oferta/ostatnie-mieszkania-centrum-ul-rewolucji-27-lodz-ID492CP.html#3819427372
Kawalerka z balkonem okno-drzwiami I piętro,Polesie,1,250 000,38,6 579,https://www.otodom.pl/oferta/kawalerka-z-balkonem-okno-drzwiami-i-pietro-ID494cn.html#3819427372
Funkcjonalne 2 pokojowe mieszkania- Obywatelska!,łódzkie,2,257 676,39.90,6 458,https://www.otodom.pl/oferta/funkcjonalne-2-pokojowe-mieszkania-obywatelska-ID476OV.html#3819427372
Nowe wygodne 3 pokojowe przy Obywatelskiej- HIT!,łódzkie,3,304 230,48.78,6 237,https://www.otodom.pl/oferta/nowe-wygodne-3-pokojowe-przy-obywatelskiej-hit-ID476O7.html#3819427372
Komfortowe 2 pokojowe mieszkanie-&gt;&gt;Obywatelska!!,łódzkie,2,255 711,39.53,6 469,https://www.otodom.pl/pl/oferta/komfortowe-2-pokojowe-mieszkanie-obywatelska-ID476PN.html#3819427372
Mieszkanie z dużym potencjałem - 4.200/m2 !!!,Bałuty,2,162 000,38.50,4 208,https://www.otodom.pl/oferta/mieszkanie-z-duzym-potencjalem-4-200-zl-m2-ID48Zu8.html#3a460ec8f9
Osiedle KOLUMNY nowa inwestycja! etap I budynek J,Górna,2,315 531,04,53.68,5 878,https://www.otodom.pl/oferta/osiedle-kolumny-nowa-inwestycja-etap-i-budynek-j-ID455hI.html#3a460ec8f9
Rozkładowe mieszkanie Łódź-Retkinia,Polesie Retkinia,3,299 000,53,5 642,https://www.otodom.pl/oferta/rozkladowe-mieszkanie-lodz-retkinia-ID48ctc.html#3a460ec8f9
Sprzedam 44m2 w nowym bloku,Bałuty,2,245 000,44,5 568,https://www.otodom.pl/oferta/sprzedam-44m2-w-nowym-bloku-ID48m53.html#3a460ec8f9
2 tuż przy Manufakturze,Bałuty,2,240 000,37.30,6 434,https://www.otodom.pl/oferta/2-pokoje-tuz-przy-manufakturze-ID4946P.html#3a460ec8f9
3 na Retkini I p. loggia,Polesie Retkinia,3,339 000,53,6 396,https://www.otodom.pl/pl/oferta/3-pokoje-na-retkini-i-p-loggia-ID4946O.html#3a460ec8f9
Dwa Pokoje w Centrum przy Politechnice Łódzkiej,Śródmieście,2,257 980,40.36,6 392,https://www.otodom.pl/oferta/dwa-pokoje-w-centrum-przy-politechnice-lodzkiej-ID4946p.html#3a460ec8f9
Trzy Pokoje w Centrum przy Politechnice Łódzkiej,Śródmieście,3,313 540,51.35,6 106,https://www.otodom.pl/oferta/trzy-pokoje-w-centrum-przy-politechnice-lodzkiej-ID4946l.html#3a460ec8f9
Trzy w Apartamentowcu Centrum-Widzew !!!,Śródmieście,3,305 760,51.61,5 924,https://www.otodom.pl/pl/oferta/trzy-pokoje-w-apartamentowcu-centrum-widzew-ID4945T.html#3a460ec8f9
Trzy Centrum-Widzew RABAT 49.000 !!!,Śródmieście,3,288 900,48.91,5 907,https://www.otodom.pl/pl/oferta/trzy-pokoje-centrum-widzew-rabat-49-000-ID4945P.html#3a460ec8f9
Mieszkanie 3949 Łódź,Śródmieście,1,225 000,39.49,5 698,https://www.otodom.pl/oferta/mieszkanie-39-49-m-lodz-ID48PSG.html#3a460ec8f9
Mieszkanie przy Uniwersyteckiej - Łódź,Śródmieście,2,298 000,47.80,6 234,https://www.otodom.pl/oferta/mieszkanie-przy-uniwersyteckiej-lodz-ID48Yhj.html#3a460ec8f9
Łódź julianów casa mia 435m2 2,Bałuty Julianów,2,450 000,43.50,10 345,https://www.otodom.pl/oferta/lodz-julianow-casa-mia-43-5m2-2-pokoje-ID4942r.html#3a460ec8f9
Sprzedam mieszkanie 2-pokojowe 10 piętro Bałuty,Bałuty,2,269 000,47,5 723,https://www.otodom.pl/pl/oferta/sprzedam-mieszkanie-2-pokojowe-10-pietro-baluty-ID491Ya.html#3a460ec8f9
Mieszkanie 4853 Łódź,Polesie,2,254 000,48.53,5 234,https://www.otodom.pl/oferta/mieszkanie-48-53-m-lodz-ID48hHm.html#3a460ec8f9
Słoneczne mieszkanie 40m2 Łódź Górna Dąbrowa,Górna,2,210 000,39.66,5 295,https://www.otodom.pl/pl/oferta/sloneczne-mieszkanie-40m2-lodz-gorna-dabrowa-ID48Tk0.html#3a460ec8f9
Mieszkanie inwestycyjne w centrum Łodzi 37 m2,Śródmieście,2,225 000,37.30,6 032,https://www.otodom.pl/oferta/mieszkanie-inwestycyjne-w-centrum-lodzi-37-m2-ID48hXJ.html#3a460ec8f9
2 pokrozkładbalkon2 piętroBałutyDołyMarysin!,Bałuty Doły,2,221 000,36.98,5 976,https://www.otodom.pl/pl/oferta/2-pok-rozklad-balkon-2-pietro-baluty-doly-marysin-ID493Pu.html#3a460ec8f9
mieszkanie 47 m Bałuty rozkładowe bezpośrednio,Bałuty,2,260 000,47,5 532,https://www.otodom.pl/pl/oferta/mieszkanie-47-m-baluty-rozkladowe-bezposrednio-ID48PFx.html#3a460ec8f9
Piękne 3 pokojowe 54 m2 Retkinia - Maratońska,Polesie Retkinia,3,377 000,54,6 981,https://www.otodom.pl/pl/oferta/piekne-3-pokojowe-54-m2-retkinia-maratonska-ID48PFT.html#3a460ec8f9
M4-Polesie-Retkinia,Polesie Retkinia,3,339 000,53,6 396,https://www.otodom.pl/pl/oferta/m4-polesie-retkinia-ID493Kq.html#3a460ec8f9
M3 Łódź-Widzew,Widzew,2,225 000,37,6 081,https://www.otodom.pl/pl/oferta/m3-lodz-widzew-ID493Iq.html#3a460ec8f9
Mieszkanie Dąbrowa ogrodzony blok REZERWACJA,Górna Dąbrowa,2,185 000,36.30,5 096,https://www.otodom.pl/pl/oferta/mieszkanie-dabrowa-ogrodzony-blok-rezerwacja-ID48Ofg.html#3a460ec8f9
Piękne i przytulne mieszkanie na sprzedaż,łódzkie,2,285 000,43,6 628,https://www.otodom.pl/pl/oferta/piekne-i-przytulne-mieszkanie-na-sprzedaz-ID494Jd.html#87fec1d439
PIEKNE 3 pok WYSOKI STANDARD swiezo po remoncie.,Górna Kurak,3,310 000,45.90,6 754,https://www.otodom.pl/oferta/piekne-3-pok-wysoki-standard-swiezo-po-remoncie-ID48NFY.html#87fec1d439
Sprzedam mieszkanie,Polesie Stare Polesie,2,240 000,43,5 581,https://www.otodom.pl/pl/oferta/sprzedam-mieszkanie-ID44Pc5.html#87fec1d439
Słoneczne M3 z balkonem,Górna Dąbrowa,2,199 900,38,5 261,https://www.otodom.pl/pl/oferta/sloneczne-m3-z-balkonem-ID48d6Y.html#87fec1d439
Parterowe mieszkanie z balkonem!,Polesie Karolew,2,246 000,44,5 591,https://www.otodom.pl/pl/oferta/parterowe-mieszkanie-z-balkonem-ID4862P.html#87fec1d439
2 rozkładowe Teofilów,Bałuty,2,260 000,45,5 778,https://www.otodom.pl/pl/oferta/2-rozkladowe-pokoje-teofilow-ID493zg.html#87fec1d439
Super Rekinia Olimpijska 11,Polesie Retkinia,3,310 000,42.24,7 339,https://www.otodom.pl/pl/oferta/super-rekinia-olimpijska-11-ID48G6E.html#87fec1d439
Zarzew M4 48m2/balkon/winda do własnej aranżacji,Widzew Zarzew,3,249 000,48,5 188,https://www.otodom.pl/pl/oferta/zarzew-m4-48m2-balkon-winda-do-wlasnej-aranzacji-ID493wY.html#87fec1d439
Wyprzedaż 2020! 49m2+balkon 9m2!,Śródmieście,3,292 484,48.91,5 980,https://www.otodom.pl/oferta/wyprzedaz-2020-49m2-balkon-9m2-ID48cj7.html#87fec1d439
50m2 3pokojewyprzedaż do końca 2020!,Śródmieście,1,313 369,50.03,6 264,https://www.otodom.pl/oferta/50m2-3pokoje-wyprzedaz-do-konca-2020-ID48ke9.html#87fec1d439
49m2+balkon 9m2 trzy!,Śródmieście,3,292 484,48.91,5 980,https://www.otodom.pl/pl/oferta/49m2-balkon-9m2-trzy-pokoje-ID48JIw.html#87fec1d439
2 rozkładowe okolice Manufaktury,Bałuty,2,239 000,37.50,6 373,https://www.otodom.pl/oferta/2-rozkladowe-pokoje-okolice-manufaktury-ID493u9.html#87fec1d439
3 pokojowe w pięknej zielonej okolicy - Retkinia,Polesie Karolew,3,279 900,52.30,5 352,https://www.otodom.pl/oferta/3-pokojowe-w-pieknej-zielonej-okolicy-retkinia-ID491b6.html#87fec1d439
Przestronne mieszkanie na parterze.,Górna Dąbrowa,3,250 000,47,5 319,https://www.otodom.pl/oferta/przestronne-mieszkanie-na-parterze-ID493ro.html#87fec1d439
REZERWACJA 40mkw. 2pok.rozkladoweDąbrowa,Górna Dąbrowa,2,214 000,40,5 350,https://www.otodom.pl/oferta/rezerwacja-40mkw-2pok-rozkladowe-dabrowa-ID48XfY.html#87fec1d439
3674m2 2 - ul. Karla Dedeciusa 1,Widzew,2,170 000,36.74,4 627,https://www.otodom.pl/oferta/36-74m2-2-pokoje-ul-karla-dedeciusa-1-ID48YJl.html#87fec1d439
M3 Łódź Dąbrowa BEZPOŚREDNIO do negocjacji,Górna Dąbrowa,2,225 000,37,6 081,https://www.otodom.pl/pl/oferta/m3-lodz-dabrowa-bezposrednio-do-negocjacji-ID483AE.html#87fec1d439
M-4 Retkinia - LOGGIA,łódzkie,3,339 000,53,6 396,https://www.otodom.pl/pl/oferta/m-4-retkinia-loggia-ID493f1.html#87fec1d439
Loft w centrum ul. Gdańska 48m wysokości,Śródmieście,3,285 700,51.15,5 586,https://www.otodom.pl/pl/oferta/loft-w-centrum-ul-gdanska-4-8m-wysokosci-ID47XUE.html#87fec1d439
51m2 w Centrum Gdańska/Zielona 48m wysokości,Śródmieście,3,287 070,51.15,5 612,https://www.otodom.pl/oferta/51m2-w-centrum-gdanska-zielona-4-8m-wysokosci-ID48u1q.html#87fec1d439
PIEKNE 3 pok WYSOKI STANDARD swiezo po remoncie.,Górna Kurak,3,310 000,45.90,6 754,https://www.otodom.pl/pl/oferta/piekne-3-pok-wysoki-standard-swiezo-po-remoncie-ID48NFY.html#87fec1d439
Mieszkanie A2.M.03 Łódź Śródmieście4183m2,Śródmieście,1,286 536,41.83,6 850,https://www.otodom.pl/pl/oferta/mieszkanie-a2-m-03-lodz-srodmiescie-41-83m2-ID3FTnm.html#87fec1d439
Piękne i przytulne mieszkanie na sprzedaż,łódzkie,2,285 000,43,6 628,https://www.otodom.pl/oferta/piekne-i-przytulne-mieszkanie-na-sprzedaz-ID494Jd.html#f7e392bc96
mieszkanie 47 m Bałuty rozkładowe bezpośrednio,Bałuty,2,260 000,47,5 532,https://www.otodom.pl/pl/oferta/mieszkanie-47-m-baluty-rozkladowe-bezposrednio-ID48PFx.html#f7e392bc96
Mieszkanie A1.M.36 Łódź Śródmieście 4978m2,Śródmieście,1,343 482,49.78,6 900,https://www.otodom.pl/oferta/mieszkanie-a1-m-36-lodz-srodmiescie-49-78m2-ID3FHgM.html#f7e392bc96
Rozkładowe M4 w dobrym punkcie Łodzi,Górna,3,312 000,53,5 887,https://www.otodom.pl/oferta/rozkladowe-m4-w-dobrym-punkcie-lodzi-ID49306.html#f7e392bc96
M3 - 4595m2 - Wielkopolska,Bałuty,2,260 000,45.95,5 658,https://www.otodom.pl/oferta/m3-45-95m2-wielkopolska-ID47z5b.html#f7e392bc96
M3 rozkładowe na Bałutach do remontu,Bałuty,2,232 000,45,5 156,https://www.otodom.pl/oferta/m3-rozkladowe-na-balutach-do-remontu-ID492VG.html#f7e392bc96
M-3 wyjątkowe po generalnym remoncie Widzew,Widzew,2,329 500,51.50,6 398,https://www.otodom.pl/oferta/m-3-wyjatkowe-po-generalnym-remoncie-widzew-ID492VB.html#f7e392bc96
Oferta sprzedaży mieszkania 2 pokojowego ul.Sporna,Bałuty,2,261 000,50.25,5 194,https://www.otodom.pl/pl/oferta/oferta-sprzedazy-mieszkania-2-pokojowego-ul-sporna-ID48GbY.html#f7e392bc96
Piękne słoneczne z tarasem na oś. Majowym.,Widzew Zarzew,2,399 000,51.91,7 686,https://www.otodom.pl/oferta/piekne-sloneczne-z-tarasem-na-os-majowym-ID47Goy.html#f7e392bc96
Mieszkanie I piętro Centrum,Śródmieście,2,219 000,51.16,4 281,https://www.otodom.pl/pl/oferta/mieszkanie-i-pietro-centrum-ID48OC4.html#f7e392bc96
M3 JULIANÓW-atrakcyjne po generalnym remoncie.,Bałuty,2,315 000,47,6 702,https://www.otodom.pl/oferta/m3-julianow-atrakcyjne-po-generalnym-remoncie-ID492Fr.html#f7e392bc96
3 Retkinia,Polesie,3,339 000,53,6 396,https://www.otodom.pl/pl/oferta/3-pokoje-retkinia-ID492Fi.html#f7e392bc96
10 min do Centrum obok parku,Widzew,2,262 200,35.50,7 386,https://www.otodom.pl/oferta/10-min-do-centrum-obok-parku-ID492zv.html#f7e392bc96
trzy/loggia/Park Podolski!,Widzew Zarzew,3,249 000,48,5 188,https://www.otodom.pl/pl/oferta/trzy-pokoje-loggia-park-podolski-ID492sQ.html#f7e392bc96
Przytulne M-3 z balkonem blisko basen i siłownia,Bałuty Teofilów,2,192 000,37.60,5 106,https://www.otodom.pl/oferta/przytulne-m-3-z-balkonem-blisko-basen-i-silownia-ID492so.html#f7e392bc96
Nowe mieszkanie blisko centrum,Widzew,3,345 699,48.69,7 100,https://www.otodom.pl/oferta/nowe-mieszkanie-blisko-centrum-ID492pd.html#f7e392bc96
Mieszkanie Bałuty Krawiecka inwestycyjne,Bałuty,2,270 000,51,5 294,https://www.otodom.pl/oferta/mieszkanie-baluty-krawiecka-inwestycyjne-ID492nK.html#f7e392bc96
Sprzedam mieszkanie własnościowe,Bałuty Teofilów,2,249 000,44.41,5 607,https://www.otodom.pl/pl/oferta/sprzedam-mieszkanie-wlasnosciowe-ID492l9.html#f7e392bc96
Rabat 20 Tysięcy ! Politechnika Łódzka centrum,Polesie Retkinia,3,329 000,51,6 451,https://www.otodom.pl/pl/oferta/rabat-20-tysiecy-politechnika-lodzka-centrum-ID48WNy.html#f7e392bc96
Łódź Sienkiewicza 53 Piotrkowska bez PCC,Śródmieście,2,370 000,46,8 043,https://www.otodom.pl/oferta/lodz-sienkiewicza-53-piotrkowska-bez-pcc-ID48Xgh.html#3a5de6f119
Rabat 20 Tysięcy | 2 balkony| Blisko centrum,Polesie Retkinia,3,312 334,44.91,6 955,https://www.otodom.pl/pl/oferta/rabat-20-tysiecy-2-balkony-blisko-centrum-ID48VXr.html#3a5de6f119
Mieszkanie po remoncie na Teofilowie,Bałuty,2,237 000,38,6 237,https://www.otodom.pl/pl/oferta/mieszkanie-po-remoncie-na-teofilowie-ID492kn.html#3a5de6f119
M4 47m2 z balkonem Dąbrowa,Górna Dąbrowa,3,289 000,47,6 149,https://www.otodom.pl/pl/oferta/m4-47m2-z-balkonem-dabrowa-ID492k6.html#3a5de6f119
Mieszkanie 39 m na Dołach,Bałuty Doły,2,220 000,39,5 641,https://www.otodom.pl/pl/oferta/mieszkanie-39-m-na-dolach-ID481jz.html#3a5de6f119
Mieszkanie w doskonałej lokalizacji,Widzew,2,224 000,35,6 400,https://www.otodom.pl/oferta/mieszkanie-w-doskonalej-lokalizacji-ID492iq.html#3a5de6f119
Blisko stacji Łódź Widzew ciche miejsce 1 piętro,Widzew,1,275 000,37.50,7 333,https://www.otodom.pl/oferta/blisko-stacji-lodz-widzew-ciche-miejsce-1-pietro-ID492gg.html#3a5de6f119
Sprzedam Mieszkanie Łódź Bałuty,Bałuty,2,260 000,47,5 532,https://www.otodom.pl/pl/oferta/sprzedam-mieszkanie-lodz-baluty-ID492e2.html#3a5de6f119
M4 rozkładowe balkon Dąbrowa.,Widzew Zarzew,3,249 000,48,5 188,https://www.otodom.pl/oferta/m4-rozkladowe-pokoje-balkon-dabrowa-ID492b8.html#3a5de6f119
Przyjemne mieszkanie po remoncie!,Bałuty,2,237 000,38,6 237,https://www.otodom.pl/oferta/przyjemne-mieszkanie-po-remoncie-ID492a6.html#3a5de6f119
W pełni wyposażone 2 54m2 obok Manufaktury,Śródmieście,2,339 000,54,6 278,https://www.otodom.pl/pl/oferta/w-pelni-wyposazone-2-pokoje-54m2-obok-manufaktury-ID48fUh.html#3a5de6f119
Przytulne 3 Radogoszcz,Bałuty Radogoszcz,3,319 000,52.97,6 022,https://www.otodom.pl/pl/oferta/przytulne-3-pokoje-radogoszcz-ID48nd9.html#3a5de6f119
Komfortowa przestrzeń w loftowym stylu,Górna,3,327 600,54.60,6 000,https://www.otodom.pl/oferta/komfortowa-przestrzen-w-loftowym-stylu-ID4921G.html#3a5de6f119
Nowe mieszkanie blisko centrum,Widzew,3,365 014,52.52,6 950,https://www.otodom.pl/oferta/nowe-mieszkanie-blisko-centrum-ID491YH.html#3a5de6f119
2 Pokoje Parter Okolice Manufaktury 38m2,Bałuty,2,210 000,37.48,5 603,https://www.otodom.pl/pl/oferta/2-pokoje-parter-okolice-manufaktury-38m2-ID491YG.html#3a5de6f119
2 Pokoje 50 m2 Teren Ogrodzony Przy Parku!,Polesie,2,330 000,49.70,6 640,https://www.otodom.pl/pl/oferta/2-pokoje-50-m2-teren-ogrodzony-przy-parku-ID491YF.html#3a5de6f119
STACJA ŁÓDŹ- mieszkanie 2 ETAP II,Górna,2,271 500,44.88,6 049,https://www.otodom.pl/oferta/stacja-lodz-mieszkanie-2-pokoje-etap-ii-ID491Tg.html#3a5de6f119
Lokata w dobie COVID!!! Kup teraz sprzed za rok!!!,Górna,2,283 214,42,6 743,https://www.otodom.pl/pl/oferta/lokata-w-dobie-covid-kup-teraz-sprzed-za-rok-ID48fpf.html#3a5de6f119
M-3 43 mkw po remoncie Teofilów,Bałuty Teofilów,2,239 000,43,5 558,https://www.otodom.pl/oferta/m-3-43-mkw-po-remoncie-teofilow-ID491Ol.html#3a5de6f119
Mieszkanie M-3 Dąbrowa,Górna,2,210 000,37,5 676,https://www.otodom.pl/oferta/mieszkanie-m-3-dabrowa-ID491KI.html#3a5de6f119
M4Dąbrowa po remoncie balkon do megocjacji,Górna Dąbrowa,3,249 000,48,5 188,https://www.otodom.pl/pl/oferta/m4dabrowa-po-remoncie-balkon-do-megocjacji-ID491DS.html#3a5de6f119
Zadbane mieszkanie do wprowadzenia od zaraz,Bałuty,2,260 000,47,5 532,https://www.otodom.pl/pl/oferta/zadbane-mieszkanie-do-wprowadzenia-od-zaraz-ID491Cy.html#3a5de6f119
M-3 rozkładowe Dąbrowa!!,Górna Dąbrowa,2,245 000,39.66,6 178,https://www.otodom.pl/oferta/m-3-rozkladowe-dabrowa-ID491AX.html#3a5de6f119
2-pokojowe mieszkanie Łódź Bałuty Doły,Bałuty,2,297 000,41.18,7 212,https://www.otodom.pl/pl/oferta/2-pokojowe-mieszkanie-lodz-baluty-doly-ID45lVq.html#ecff3d1cad
3 pok. apartamentowiec wysoki standard wykończenia,Górna,3,424 000,53.08,7 988,https://www.otodom.pl/oferta/3-pok-apartamentowiec-wysoki-standard-wykonczenia-ID48hVM.html#ecff3d1cad
M-3 na Bałutach - przy ul. Łagiewnickiej,Bałuty,2,275 000,45,6 111,https://www.otodom.pl/pl/oferta/m-3-na-balutach-przy-ul-lagiewnickiej-ID491z5.html#ecff3d1cad
Mieszkanie Nowe stan deweloperski Łódź,Polesie,3,335 000,49.60,6 754,https://www.otodom.pl/pl/oferta/mieszkanie-nowe-stan-deweloperski-lodz-ID48gm8.html#ecff3d1cad
Łódź Śródmieście Wierzbowa M3 51m2 po remoncie,Śródmieście,2,399 000,51,7 824,https://www.otodom.pl/pl/oferta/lodz-srodmiescie-wierzbowa-m3-51m2-po-remoncie-ID491to.html#ecff3d1cad
Teofilów M3 38m2 /I piętro po remocie Polecam,Bałuty Teofilów,2,254 985,38,6 710,https://www.otodom.pl/oferta/teofilow-m3-38m2-i-pietro-po-remocie-polecam-ID491pS.html#ecff3d1cad
Mieszkanie M4 - 3 + kuchnia - Dąbrowa,Górna Dąbrowa,3,340 000,55,6 182,https://www.otodom.pl/pl/oferta/mieszkanie-m4-3-pokoje-kuchnia-dabrowa-ID491op.html#ecff3d1cad
Sprzedam M4 po kapitalnym remoncie na Dąbrowie,Górna,3,310 000,47.22,6 565,https://www.otodom.pl/oferta/sprzedam-m4-po-kapitalnym-remoncie-na-dabrowie-ID491lL.html#ecff3d1cad
M3 37m2/parter/Teofilów do wprowadzenia Polecam,Bałuty Teofilów,2,239 000,36.64,6 523,https://www.otodom.pl/oferta/m3-37m2-parter-teofilow-do-wprowadzenia-polecam-ID491ly.html#ecff3d1cad
Rozkładowe 2 z balkonem w sąsiedstwie Lasu,Widzew,2,290 000,51.12,5 673,https://www.otodom.pl/oferta/rozkladowe-2-pokoje-z-balkonem-w-sasiedstwie-lasu-ID491kw.html#ecff3d1cad
Żubardź M3/38 m2 parter po remoncie Polecam!,Bałuty Żubardź,2,259 000,38,6 816,https://www.otodom.pl/oferta/zubardz-m3-38-m2-parter-po-remoncie-polecam-ID491j6.html#ecff3d1cad
Nowe M2 w bliskim centrum.,Śródmieście,2,300 658,41.47,7 250,https://www.otodom.pl/oferta/nowe-m2-w-bliskim-centrum-ID491en.html#ecff3d1cad
Nowe mieszkanie blisko centrum,Widzew,3,345 207,50.03,6 900,https://www.otodom.pl/oferta/nowe-mieszkanie-blisko-centrum-ID491ef.html#ecff3d1cad
M3 po generalnym remoncie !!,Górna,2,330 000,43.19,7 641,https://www.otodom.pl/oferta/m3-po-generalnym-remoncie-ID48p7a.html#ecff3d1cad
Rozkładowe M3/45m2 Żubardź po generalny remoncie,Bałuty Żubardź,2,288 000,45.13,6 382,https://www.otodom.pl/pl/oferta/rozkladowe-m3-45m2-zubardz-po-generalny-remoncie-ID4917h.html#ecff3d1cad
Najtańsza trójka&gt;Rabat,Śródmieście,3,315 899,45.18,6 992,https://www.otodom.pl/pl/oferta/najtansza-trojkarabat-ID4913b.html#ecff3d1cad
Mieszkanie idealne&gt;Tera rabat,Śródmieście,3,320 687,47.75,6 716,https://www.otodom.pl/pl/oferta/mieszkanie-idealnetera-rabat-ID49130.html#ecff3d1cad
Mieszkanie po remoncie na sprzedaż Łódź Stoki,łódzkie,3,260 000,50,5 200,https://www.otodom.pl/oferta/mieszkanie-po-remoncie-na-sprzedaz-lodz-stoki-ID490Nu.html#ecff3d1cad
Mieszkanie na sprzedaż Łódź Górna,Górna,3,310 000,51.92,5 971,https://www.otodom.pl/pl/oferta/mieszkanie-na-sprzedaz-lodz-gorna-ID490Ly.html#ecff3d1cad
Mieszkanie 2 pokojowe w centrum miasta z garażem,Polesie,2,320 000,42.84,7 470,https://www.otodom.pl/pl/oferta/mieszkanie-2-pokojowe-w-centrum-miasta-z-garazem-ID490L8.html#ecff3d1cad
M4 Łódź-Polesie-Retkinia,Polesie Retkinia,3,315 000,53,5 943,https://www.otodom.pl/pl/oferta/m4-lodz-polesie-retkinia-ID490K4.html#ecff3d1cad
PŁATNOŚĆ 10/90 Nowe apartamenty BAŁUTY/TEOFILÓW,Bałuty,2,250 059,40.66,6 150,https://www.otodom.pl/pl/oferta/platnosc-10-90-nowe-apartamenty-baluty-teofilow-ID48Jr1.html#ecff3d1cad
PŁATNOŚĆ 10/90 Nowe apartamenty BAŁUTY/TEOFILÓW,Bałuty,3,309 392,50.27,6 155,https://www.otodom.pl/oferta/platnosc-10-90-nowe-apartamenty-baluty-teofilow-ID48Jrq.html#ecff3d1cad
Rozkładowe M3 teren ogrodzony Rondo Lotników,Górna,2,223 000,46,4 848,https://www.otodom.pl/pl/oferta/rozkladowe-m3-teren-ogrodzony-rondo-lotnikow-ID48UNQ.html#ecff3d1cad
Mieszkanie po remoncie Łódź Śródmieście,Śródmieście,2,215 000,43.50,4 943,https://www.otodom.pl/oferta/mieszkanie-po-remoncie-lodz-srodmiescie-ID490Hi.html#ecff3d1cad
M-3 4242m2 Retkinia Duży Balkon Pełny Rozkład,Polesie Retkinia,2,225 000,42.42,5 304,https://www.otodom.pl/pl/oferta/m-3-42-42m2-retkinia-duzy-balkon-pelny-rozklad-ID494y8.html#9860b153d9
Ostatnie mieszkania Centrum ul. Rewolucji 27 Łódź,Śródmieście,2,199 000,45.39,4 384,https://www.otodom.pl/pl/oferta/ostatnie-mieszkania-centrum-ul-rewolucji-27-lodz-ID492CP.html#9860b153d9
Mieszkanie - Łódź,łódzkie,2,249 000,49.90,4 990,https://www.otodom.pl/oferta/mieszkanie-lodz-ID490H8.html#9860b153d9
Mieszkanie A1.M.34 Łódź Śródmieście5188m2,Śródmieście,1,352 784,51.88,6 800,https://www.otodom.pl/oferta/mieszkanie-a1-m-34-lodz-srodmiescie-51-88m2-ID3FHgc.html#9860b153d9
Nowe mieszkania 2 pokojowe w inwestycji Ewelin II,łódzkie,2,257 676,39.90,6 458,https://www.otodom.pl/oferta/nowe-mieszkania-2-pokojowe-w-inwestycji-ewelin-ii-ID474AP.html#9860b153d9
M-3 (4655)ul.Grabieniec Teofilów5piętro,Bałuty,2,260 000,46.55,5 585,https://www.otodom.pl/pl/oferta/m-3-46-55ul-grabieniec-teofilow-5pietro-ID490FK.html#9860b153d9
Mieszkanie - Łódź,łódzkie,2,249 000,49.90,4 990,https://www.otodom.pl/oferta/mieszkanie-lodz-ID490AN.html#9860b153d9
M3 Zarzew ul.Tyrmanda,Widzew Zarzew,2,209 000,37,5 649,https://www.otodom.pl/pl/oferta/m3-zarzew-ul-tyrmanda-ID490p2.html#9860b153d9
Apartamenty Plażowa przy Stawach Stefańskiego,Górna,2,372 600,54,6 900,https://www.otodom.pl/pl/oferta/apartamenty-plazowa-przy-stawach-stefanskiego-ID46osM.html#9860b153d9
2 na parterze-do wprowadzenia Bałuty,Bałuty,2,226 000,38.30,5 901,https://www.otodom.pl/oferta/2-pokoje-na-parterze-do-wprowadzenia-baluty-ID490ke.html#9860b153d9
REWOLUCJI 69 - Centrum - 1 - 4pok - garaż/ komórka,Śródmieście,2,277 563,38.82,7 150,https://www.otodom.pl/oferta/rewolucji-69-centrum-1-4pok-garaz-komorka-ID490i2.html#9860b153d9
Blisko centrum 2 2007 r. na sprzedaż,Widzew,2,332 000,48,6 917,https://www.otodom.pl/pl/oferta/blisko-centrum-2-pokoje-2007-r-na-sprzedaz-ID490hw.html#9860b153d9
M3 z balkonem w spokojnej okolicy blisko centrum,Polesie Karolew,2,250 000,48,5 208,https://www.otodom.pl/pl/oferta/m3-z-balkonem-w-spokojnej-okolicy-blisko-centrum-ID47W4f.html#9860b153d9
Świetna lokalizacja! Bez Pcc! Taras z ogródkiem!,Widzew,3,315 000,51,6 176,https://www.otodom.pl/pl/oferta/swietna-lokalizacja-bez-pcc-taras-z-ogrodkiem-ID490eu.html#9860b153d9
Idealna inwestycja! Bez prowizji! Studenckie M2!,Widzew,2,250 000,35,7 143,https://www.otodom.pl/oferta/idealna-inwestycja-bez-prowizji-studenckie-m2-ID490ep.html#9860b153d9
10 min do Centrum obok parku liczne sklepy,Widzew,2,285 900,38.70,7 388,https://www.otodom.pl/pl/oferta/10-min-do-centrum-obok-parku-liczne-sklepy-ID490eo.html#9860b153d9
Nowe mieszkanie 1 pokojowe przy Ogrodowej Office,Śródmieście,1,290 776,38.26,7 600,https://www.otodom.pl/oferta/nowe-mieszkanie-1-pokojowe-przy-ogrodowej-office-ID45SUV.html#9860b153d9
Inwestycyjne mieszkanie 2pok. przy Manufakturze,Śródmieście,2,299 963,37.97,7 900,https://www.otodom.pl/oferta/inwestycyjne-mieszkanie-2pok-przy-manufakturze-ID45SWD.html#9860b153d9
*rezerwacja* Przytulne dwa na Dąbrowie,Górna Dąbrowa,2,195 000,36.32,5 369,https://www.otodom.pl/oferta/rezerwacja-przytulne-dwa-pokoje-na-dabrowie-ID490bt.html#9860b153d9
ODDANY APARTAMENT - UPW w tym roku/ cele podatkowe,Śródmieście,3,353 448,49.09,7 200,https://www.otodom.pl/pl/oferta/oddany-apartament-upw-w-tym-roku-cele-podatkowe-ID490ba.html#9860b153d9
❗️Mieszkanie 2 ŁÓDŹ -ZARZEW❗️,Widzew Zarzew,2,200 000,36.24,5 519,https://www.otodom.pl/pl/oferta/mieszkanie-2-pokoje-lodz-zarzew-ID4902T.html#9860b153d9
2 pokojowe mieszkanie w TBS  ul. Nawrot,Śródmieście,2,149 000,50,2 980,https://www.otodom.pl/pl/oferta/2-pokojowe-mieszkanie-w-tbs-ul-nawrot-ID48TJv.html#9860b153d9
M3 Teofilów - widok na park,Bałuty Teofilów,2,265 000,46.55,5 693,https://www.otodom.pl/oferta/m3-teofilow-widok-na-park-ID4902u.html#9860b153d9
Nowe M3 375m2 pierwsze piętro po generalce,Bałuty Teofilów,2,255 000,37.50,6 800,https://www.otodom.pl/oferta/nowe-m3-37-5m2-pierwsze-pietro-po-generalce-ID4900T.html#9860b153d9
Piękne M3 375m2 po całkowitym remoncie,Bałuty Teofilów,2,246 000,37.50,6 560,https://www.otodom.pl/oferta/piekne-m3-37-5m2-po-calkowitym-remoncie-ID4900R.html#9860b153d9
M3 Górna,Górna,2,172 000,36,4 778,https://www.otodom.pl/pl/oferta/m3-gorna-ID48K65.html#6797e79907
Nowoczesne mieszkanie w apartamentowcu,Górna,2,382 000,47,8 128,https://www.otodom.pl/pl/oferta/nowoczesne-mieszkanie-w-apartamentowcu-ID4900Q.html#6797e79907
M3 retkinia po remoncie 425m2 winda loggia,Polesie Retkinia,2,264 000,42.42,6 223,https://www.otodom.pl/pl/oferta/m3-retkinia-po-remoncie-42-5m2-winda-loggia-ID4900P.html#6797e79907
Rozkładowe M3 375m2 po remoncie ok. Manufaktury,Bałuty,2,239 000,37.50,6 373,https://www.otodom.pl/oferta/rozkladowe-m3-37-5m2-po-remoncie-ok-manufaktury-ID48ZU3.html#6797e79907
M3Julianów pełen rozkład po remoncie super cena,Bałuty Julianów,2,279 000,50,5 580,https://www.otodom.pl/oferta/m3julianow-pelen-rozklad-po-remoncie-super-cena-ID48ZKc.html#6797e79907
Mieszkanie - Łódź Śródmieście,Śródmieście,2,375 000,52,7 212,https://www.otodom.pl/oferta/mieszkanie-lodz-srodmiescie-ID48ZIQ.html#6797e79907
Atrakcyjne mieszkanie w Centrum Łodzi,Śródmieście,2,375 000,51.57,7 272,https://www.otodom.pl/pl/oferta/atrakcyjne-mieszkanie-w-centrum-lodzi-ID48mOG.html#6797e79907
Przytula kawalerka z tarasem i wyjściem do ogrodu,Bałuty,1,270 000,40.60,6 650,https://www.otodom.pl/oferta/przytula-kawalerka-z-tarasem-i-wyjsciem-do-ogrodu-ID48ZEM.html#6797e79907
M3 Łódź-Górna-Nowe Rokicie,Górna,2,215 000,36,5 972,https://www.otodom.pl/pl/oferta/m3-lodz-gorna-nowe-rokicie-ID48ZEG.html#6797e79907
3 w Doskonałej Lokalizacji - Bezpośrednio!,Polesie,3,306 698,49.22,6 231,https://www.otodom.pl/oferta/3-pokoje-w-doskonalej-lokalizacji-bezposrednio-ID48ZBz.html#6797e79907
2 w apartamentowcu na Bałutach,Bałuty,2,253 000,44,5 750,https://www.otodom.pl/oferta/2-pokoje-w-apartamentowcu-na-balutach-ID48ZBp.html#6797e79907
M3 4480 m2 rozkładowe na osiedlu Koziny,Polesie Koziny,2,229 900,44.80,5 132,https://www.otodom.pl/pl/oferta/m3-44-80-m2-rozkladowe-na-osiedlu-koziny-ID48Zx3.html#6797e79907
M3 375 m2 w okolicy manufaktury,Śródmieście,2,239 000,37.39,6 392,https://www.otodom.pl/oferta/m3-37-5-m2-w-okolicy-manufaktury-ID48Zx0.html#6797e79907
Mieszkanie z dużym potencjałem - 4.200/m2 !!!,Bałuty,2,162 000,38.50,4 208,https://www.otodom.pl/pl/oferta/mieszkanie-z-duzym-potencjalem-4-200-zl-m2-ID48Zu8.html#6797e79907
Gotowe 3 2 miejsca parking i widok na las.,Bałuty,3,380 000,50,7 600,https://www.otodom.pl/pl/oferta/gotowe-3-pokoje-2-miejsca-parking-i-widok-na-las-ID43Kcb.html#6797e79907
Mieszkanie 2pokoje 45m2 na 4 piętrze,Bałuty Teofilów,2,208 000,45,4 622,https://www.otodom.pl/pl/oferta/mieszkanie-2pokoje-45m2-na-4-pietrze-ID48ZoL.html#6797e79907
Super Cena! Ostatnie w takim rozkładzie! Centrum!,Górna,3,315 469,46,6 858,https://www.otodom.pl/pl/oferta/super-cena-ostatnie-w-takim-rozkladzie-centrum-ID48fsd.html#6797e79907
2 - Obok Politechniki i Linii Tramwajowej,Polesie,2,265 341,41,6 472,https://www.otodom.pl/pl/oferta/2-pokoje-obok-politechniki-i-linii-tramwajowej-ID48ZlB.html#6797e79907
Mieszkanie 45 Łódź,Bałuty,2,285 000,45,6 333,https://www.otodom.pl/pl/oferta/mieszkanie-45-m-lodz-ID48Zkg.html#6797e79907
Sprzedam mieszkanie w apartamentowcu,Widzew,2,390 000,50,7 800,https://www.otodom.pl/oferta/sprzedam-mieszkanie-w-apartamentowcu-ID48u1z.html#6797e79907
Rozkładowe M3 w świetnej lokalizacji,Polesie Retkinia,2,269 000,42.42,6 341,https://www.otodom.pl/pl/oferta/rozkladowe-m3-w-swietnej-lokalizacji-ID48wXc.html#6797e79907
Mieszkanie po generalnym remoncie obok Manufaktury,Bałuty,3,299 000,45,6 644,https://www.otodom.pl/pl/oferta/mieszkanie-po-generalnym-remoncie-obok-manufaktury-ID48Juw.html#6797e79907
Nowoczesne mieszkanie 2 ul. Senatorska 50,Górna,2,383 000,46.40,8 254,https://www.otodom.pl/pl/oferta/nowoczesne-mieszkanie-2-pokoje-ul-senatorska-50-ID48Z42.html#6797e79907
Mieszkanie M-4 po częściowym remoncie Dąbrowa,Górna Dąbrowa,3,275 000,48,5 729,https://www.otodom.pl/oferta/mieszkanie-m-4-po-czesciowym-remoncie-dabrowa-ID48Jtl.html#6797e79907
2 pokojowe do wprowadzenia Okazja!,Widzew Stoki,2,185 000,45,4 111,https://www.otodom.pl/pl/oferta/2-pokojowe-do-wprowadzenia-okazja-ID48Z2G.html#6797e79907
Prywatnie M4 ŁódźKozinyul. Gazowa Po remoncie,Polesie,3,292 000,47.50,6 147,https://www.otodom.pl/pl/oferta/prywatnie-m4-lodz-koziny-ul-gazowa-po-remoncie-ID48VYy.html#c49d7cf695
Osiedle KOLUMNY nowa inwestycja! etap I budynek J,Górna,2,315 531,04,53.68,5 878,https://www.otodom.pl/oferta/osiedle-kolumny-nowa-inwestycja-etap-i-budynek-j-ID455hI.html#c49d7cf695
M3 ul.Kossaka !!!,Górna,2,278 000,37,7 514,https://www.otodom.pl/oferta/m3-ul-kossaka-ID48YZr.html#c49d7cf695
sprzedam mieszkanie,Widzew,3,294 000,48.18,6 102,https://www.otodom.pl/pl/oferta/sprzedam-mieszkanie-ID48up8.html#c49d7cf695
Retkinia Maratońska świetna lokalizacja!,Polesie Retkinia,3,279 000,53,5 264,https://www.otodom.pl/pl/oferta/retkinia-maratonska-swietna-lokalizacja-ID47voA.html#c49d7cf695
M-3/M-4 rozkład 2 piętro 5200/m2,Górna,2,239 000,46,5 196,https://www.otodom.pl/pl/oferta/m-3-m-4-rozklad-2-pietro-5200-zl-m2-ID48tsY.html#c49d7cf695
Apartament z tarasem 2017 r. wysoki standard!,Bałuty Doły,2,370 000,47,7 872,https://www.otodom.pl/pl/oferta/apartament-z-tarasem-2017-r-wysoki-standard-ID47yQc.html#c49d7cf695
Przytulne mieszkanie na Retkini,Polesie,2,300 000,49.15,6 104,https://www.otodom.pl/pl/oferta/przytulne-mieszkanie-na-retkini-ID48YNK.html#c49d7cf695
2 balkon 1 piętro Zarzew WidzewDąbrowa,Widzew Zarzew,2,355 000,50.53,7 026,https://www.otodom.pl/oferta/2-pokoje-balkon-1-pietro-zarzew-widzew-dabrowa-ID48YLD.html#c49d7cf695
2 balkon 1 piętro Zarzew WidzewDąbrowa,Widzew Zarzew,2,255 000,50.53,5 047,https://www.otodom.pl/oferta/2-pokoje-balkon-1-pietro-zarzew-widzew-dabrowa-ID48YLC.html#c49d7cf695
Małe 2 po remoncie na Górnej.,Górna,2,32 000,35,914,https://www.otodom.pl/oferta/male-2-pokoje-po-remoncie-na-gornej-ID48YLg.html#c49d7cf695
Mieszkanie 4588 Łódź,Górna,2,228 000,45.88,4 969,https://www.otodom.pl/pl/oferta/mieszkanie-45-88-m-lodz-ID48YJx.html#c49d7cf695
Ostatnie M-2 /Od Zaraz !!!/Al.Politechniki,Śródmieście,2,270 000,38.75,6 968,https://www.otodom.pl/pl/oferta/ostatnie-m-2-od-zaraz-al-politechniki-ID48YDW.html#c49d7cf695
Centrum  drugie piętro balkon ogrodzony teren,Śródmieście,2,298 000,47.80,6 234,https://www.otodom.pl/pl/oferta/centrum-drugie-pietro-balkon-ogrodzony-teren-ID48YD1.html#c49d7cf695
M3 376m2/ balkon/Julianów,Bałuty Julianów,2,180 000,37.68,4 777,https://www.otodom.pl/oferta/m3-37-6m2-balkon-julianow-ID48YC2.html#c49d7cf695
Zarzew duże m3 51m2/balkon/Polecam.,Widzew Zarzew,2,259 000,51,5 078,https://www.otodom.pl/oferta/zarzew-duze-m3-51m2-balkon-polecam-ID48YC1.html#c49d7cf695
3 Pokoje Wykończone Pod Klucz Bez Prowizji i PCC,Polesie Nowe Złotno,3,447 900,54.10,8 279,https://www.otodom.pl/pl/oferta/3-pokoje-wykonczone-pod-klucz-bez-prowizji-i-pcc-ID45pPJ.html#c49d7cf695
M-3 Widzew Wschód Mc Donald,Widzew,2,242 000,46,5 261,https://www.otodom.pl/oferta/m-3-widzew-wschod-mc-donald-ID48YwV.html#c49d7cf695
Słoneczne M2 394m2 blisko Manufaktury,Polesie Koziny,1,199 000,39.40,5 051,https://www.otodom.pl/pl/oferta/sloneczne-m2-39-4m2-blisko-manufaktury-ID48YrA.html#c49d7cf695
M3 45m2 rozkładowe balkon TeofilówPolecam,Bałuty Teofilów,2,245 000,45,5 444,https://www.otodom.pl/oferta/m3-45m2-rozkladowe-balkon-teofilow-polecam-ID48Yrx.html#c49d7cf695
M3 odswieżone i umeblowane obok Manufaktury,Śródmieście,2,245 000,38,6 447,https://www.otodom.pl/pl/oferta/m3-odswiezone-i-umeblowane-obok-manufaktury-ID48Yil.html#c49d7cf695
Mieszkanie 53 m2 3 2 piętro Retkinia,Polesie Retkinia,3,300 000,53,5 660,https://www.otodom.pl/oferta/mieszkanie-53-m2-3-pokoje-2-pietro-retkinia-ID48Yia.html#c49d7cf695
Mieszkanie Łódź Górna Mazurska - do wprowadzenia,Górna Chojny,3,330 000,54.50,6 055,https://www.otodom.pl/oferta/mieszkanie-lodz-gorna-mazurska-do-wprowadzenia-ID48qq4.html#c49d7cf695
Mieszkanie 3748 Łódź,Bałuty Żubardź,2,180 000,37.48,4 803,https://www.otodom.pl/pl/oferta/mieszkanie-37-48-m-lodz-ID48Yd7.html#c49d7cf695
2 - ul. Staszica po generalnym remoncie!,Bałuty,2,285 000,40,7 125,https://www.otodom.pl/oferta/2-pokoje-ul-staszica-po-generalnym-remoncie-ID48i0e.html#5111276859
Ostatnie mieszkania Centrum ul. Rewolucji 27 Łódź,Śródmieście,2,199 000,45.39,4 384,https://www.otodom.pl/oferta/ostatnie-mieszkania-centrum-ul-rewolucji-27-lodz-ID492CP.html#5111276859
Mieszkanie w centrum Łodzi  super inwestycja!!!,Śródmieście,3,233 500,53,4 406,https://www.otodom.pl/pl/oferta/mieszkanie-w-centrum-lodzi-super-inwestycja-ID47B0J.html#5111276859
Sprzedam Mieszkanie 2 pok. Łódź Dąbrowa REZERWACJA,Górna,2,188 000,36.74,5 117,https://www.otodom.pl/oferta/sprzedam-mieszkanie-2-pok-lodz-dabrowa-rezerwacja-ID48J6k.html#5111276859
Słoneczne rozkładowe 47m2 winda Łódź-Teofilów.,Bałuty Teofilów,2,279 000,47,5 936,https://www.otodom.pl/oferta/sloneczne-rozkladowe-47m2-winda-lodz-teofilow-ID47EWD.html#5111276859
Mieszkanie 2 pok. Osiedle Liściasta Park,Bałuty,2,370 000,47.50,7 789,https://www.otodom.pl/pl/oferta/mieszkanie-2-pok-osiedle-lisciasta-park-ID48XJE.html#5111276859
dwa Widzew- wschód loggia pełen rozkład,Widzew,2,314 000,54.33,5 779,https://www.otodom.pl/pl/oferta/dwa-pokoje-widzew-wschod-loggia-pelen-rozklad-ID48Y5N.html#5111276859
ZOBACZ FIZYCZNIE - Centrum/Widzew Teren Ogrodzony,Śródmieście,3,303 000,48.91,6 195,https://www.otodom.pl/oferta/zobacz-fizycznie-centrum-widzew-teren-ogrodzony-ID48VL3.html#5111276859
Okazja .Nieruchomość Idealna Pod Wynajem,Polesie,2,185 000,36,5 139,https://www.otodom.pl/pl/oferta/okazja-nieruchomosc-idealna-pod-wynajem-ID486Nc.html#5111276859
Trzy Nowe Rokicie / Park Sielanka / Górna !,Górna,3,275 000,47,5 851,https://www.otodom.pl/pl/oferta/trzy-pokoje-nowe-rokicie-park-sielanka-gorna-ID48XVM.html#5111276859
2-pokojowe mieszkanie Łódź Bałuty Doły,Bałuty,2,297 000,41.18,7 212,https://www.otodom.pl/oferta/2-pokojowe-mieszkanie-lodz-baluty-doly-ID45lVq.html#5111276859
Mieszkanie M3 Łódź - Retkinia świetna lokalizacja,Polesie,2,250 000,42,5 952,https://www.otodom.pl/oferta/mieszkanie-m3-lodz-retkinia-swietna-lokalizacja-ID48IYY.html#5111276859
M-3 Retkinia Północ 42m2 2 pok IIp WINDA &quot;-1&quot;,Polesie Retkinia,2,280 000,42.42,6 601,https://www.otodom.pl/pl/oferta/m-3-retkinia-polnoc-42m2-2-pok-iip-winda-1-ID48XSB.html#5111276859
Przestronne M-2 Włólniarzy cegła,Polesie Koziny,1,199 000,36,5 528,https://www.otodom.pl/oferta/przestronne-m-2-wlolniarzy-cegla-ID48XSb.html#5111276859
Atrakcyjne 2 rozkładowe - Centrum,Bałuty,2,235 000,38,6 184,https://www.otodom.pl/pl/oferta/atrakcyjne-2-rozkladowe-pokoje-centrum-ID48XNE.html#5111276859
wysokie 351m2 centrum,Śródmieście,3,287 070,51.15,5 612,https://www.otodom.pl/pl/oferta/wysokie-3-pokoje-51m2-centrum-ID48u2d.html#5111276859
Wyremontowane M3 | Dąbrowa | Do zamieszkania,Górna,2,239 990,42.88,5 597,https://www.otodom.pl/oferta/wyremontowane-m3-dabrowa-do-zamieszkania-ID488YG.html#5111276859
Mieszkanie z potencjałem | 2 + kuchnia,Górna,2,239 990,44.36,5 410,https://www.otodom.pl/oferta/mieszkanie-z-potencjalem-2-pokoje-kuchnia-ID48pW9.html#5111276859
PROMOCJA!! 20 000zł Rabatu! Centrum miasta Okazja,Górna,2,276 062,41,6 733,https://www.otodom.pl/pl/oferta/promocja-20-000zl-rabatu-centrum-miasta-okazja-ID48ed8.html#5111276859
2 pok. 38m2 Ip. świeżo po remoncie Teofilów,Bałuty,2,255 000,38,6 711,https://www.otodom.pl/pl/oferta/2-pok-38m2-ip-swiezo-po-remoncie-teofilow-ID48XGj.html#5111276859
2 na Dąbrowie po remoncie,Górna Chojny,2,309 000,45,6 867,https://www.otodom.pl/oferta/2-pokoje-na-dabrowie-po-remoncie-ID48XFM.html#5111276859
Do sprzedania kawalerka 43 m2 przy ul. Gdańskiej,Polesie,1,239 000,44,5 432,https://www.otodom.pl/pl/oferta/do-sprzedania-kawalerka-43-m2-przy-ul-gdanskiej-ID46qJD.html#5111276859
Trzy Centrum-Widzew RABAT 49.000 !!!,Śródmieście,3,288 900,48.91,5 907,https://www.otodom.pl/pl/oferta/trzy-pokoje-centrum-widzew-rabat-49-000-ID48XDZ.html#5111276859
Dwa Pokoje w Centrum przy Politechnice Łódzkiej,Śródmieście,2,257 980,40.36,6 392,https://www.otodom.pl/pl/oferta/dwa-pokoje-w-centrum-przy-politechnice-lodzkiej-ID48Qmn.html#5111276859
Sprzedam mieszkanie po remoncie 52 m Łódź Złotno,Polesie Stare Złotno,2,320 000,52,6 154,https://www.otodom.pl/pl/oferta/sprzedam-mieszkanie-po-remoncie-52-m-lodz-zlotno-ID48IEL.html#5111276859
Mieszkanie 4936 m2 na PRAWDZIWYM Julianowie,Bałuty,2,280 000,49.36,5 673,https://www.otodom.pl/pl/oferta/mieszkanie-49-36-m2-na-prawdziwym-julianowie-ID48XBC.html#5111276859
Sprzedam mieszkanie,Polesie Stare Polesie,2,240 000,43,5 581,https://www.otodom.pl/oferta/sprzedam-mieszkanie-ID44Pc5.html#5111276859
Świetne rozkładowe mieszkanie w bloku z cegły!,Polesie Stare Polesie,3,239 500,44.56,5 375,https://www.otodom.pl/pl/oferta/swietne-rozkladowe-mieszkanie-w-bloku-z-cegly-ID48ZwI.html#bbfcfc6f16
Łódź Śródmieście Wierzbowa M3 51m2 po remoncie,Śródmieście,2,399 000,51,7 824,https://www.otodom.pl/pl/oferta/lodz-srodmiescie-wierzbowa-m3-51m2-po-remoncie-ID491to.html#bbfcfc6f16
3 pok. apartamentowiec wysoki standard wykończenia,Górna,3,424 000,53.08,7 988,https://www.otodom.pl/pl/oferta/3-pok-apartamentowiec-wysoki-standard-wykonczenia-ID48hVM.html#bbfcfc6f16
Świeżo po remoncie 2 47 m2 z balkonem na Ju,Bałuty Julianów,2,315 000,47,6 702,https://www.otodom.pl/pl/oferta/swiezo-po-remoncie-2-pokoje-47-m2-z-balkonem-na-ju-ID48CmJ.html#bbfcfc6f16
Mieszkanie na partezrze,Widzew,2,189 000,37,5 108,https://www.otodom.pl/pl/oferta/mieszkanie-na-partezrze-ID48XwE.html#bbfcfc6f16
Mieszkanie 4198 Łódz Śródmiescie &quot;Osiedle Primo”,Śródmieście,2,314 000,41.98,7 480,https://www.otodom.pl/pl/oferta/mieszkanie-41-98-lodz-srodmiescie-osiedle-primo-ID48Eqg.html#bbfcfc6f16
M3 51m2 rozkładowe Bartoka!,Widzew,2,290 000,51,5 686,https://www.otodom.pl/pl/oferta/m3-51m2-rozkladowe-bartoka-ID48XnS.html#bbfcfc6f16
M4 54m2 Grota Roweckiego do odświeżenia!,Widzew,3,290 000,54,5 370,https://www.otodom.pl/pl/oferta/m4-54m2-grota-roweckiego-do-odswiezenia-ID48Xng.html#bbfcfc6f16
Rozkładowe M4 balkon wieżowiec os.Jagiełły,Bałuty,3,280 000,54,5 185,https://www.otodom.pl/oferta/rozkladowe-m4-balkon-wiezowiec-os-jagielly-ID48Xnc.html#bbfcfc6f16
49 m2 ul. Wólczańska c.o. miejskie parking,Śródmieście,2,255 000,49,5 204,https://www.otodom.pl/oferta/49-m2-ul-wolczanska-c-o-miejskie-parking-ID48XlI.html#bbfcfc6f16
M4 Retkińska do wprowadzenia 4p/4p!,Polesie Retkinia,3,335 000,52.97,6 324,https://www.otodom.pl/pl/oferta/m4-retkinska-do-wprowadzenia-4p-4p-ID48XlH.html#bbfcfc6f16
Dwupokojowe mieszkanie z balkonem Łódź- Żabieniec,Bałuty,2,225 000,45.74,4 919,https://www.otodom.pl/pl/oferta/dwupokojowe-mieszkanie-z-balkonem-lodz-zabieniec-ID48Xif.html#bbfcfc6f16
Rozkładowe M3 balkon Żubardź,Bałuty Żubardź,2,219 000,46,4 761,https://www.otodom.pl/pl/oferta/rozkladowe-m3-balkon-zubardz-ID48Xi1.html#bbfcfc6f16
Rozkładowe M3 na Teofilowie. 45m2.,Bałuty Teofilów,2,245 000,45,5 444,https://www.otodom.pl/pl/oferta/rozkladowe-m3-na-teofilowie-45m2-ID48Xh1.html#bbfcfc6f16
3 pokojowe mieszkanie Zarzew atrakcyjna cena,Widzew,3,249 000,48,5 188,https://www.otodom.pl/pl/oferta/3-pokojowe-mieszkanie-zarzew-atrakcyjna-cena-ID48HZK.html#bbfcfc6f16
M-3 Widzew/Tatrzańska wolne od zaraz Park Podolski,Widzew,2,189 000,37.64,5 021,https://www.otodom.pl/oferta/m-3-widzew-tatrzanska-wolne-od-zaraz-park-podolski-ID47BXZ.html#bbfcfc6f16
M-4 Widzew - Zarzew Park Podolski,Widzew Zarzew,3,245 000,48.18,5 085,https://www.otodom.pl/oferta/m-4-widzew-zarzew-park-podolski-ID48kS5.html#bbfcfc6f16
Kawalerka Koziny Pełen Rozkład Manufaktura,Polesie Koziny,1,187 000,35,5 343,https://www.otodom.pl/pl/oferta/kawalerka-koziny-pelen-rozklad-manufaktura-ID48IU2.html#bbfcfc6f16
Łódź Sienkiewicza 53 Piotrkowska bez PCC,Śródmieście,2,370 000,46,8 043,https://www.otodom.pl/oferta/lodz-sienkiewicza-53-piotrkowska-bez-pcc-ID48Xgh.html#bbfcfc6f16
Mieszkanie 2 pok. po remoncie na Olechowie,Widzew,2,305 000,51,5 980,https://www.otodom.pl/oferta/mieszkanie-2-pok-po-remoncie-na-olechowie-ID48c13.html#bbfcfc6f16
Do sprzedaży piękne M-3 na Janowie,Widzew Janów,2,315 000,51.30,6 140,https://www.otodom.pl/pl/oferta/do-sprzedazy-piekne-m-3-na-janowie-ID48X6x.html#bbfcfc6f16
mieszkanie 42 m2 rewelacyjnie skomunikowane,Bałuty,2,230 000,42,5 476,https://www.otodom.pl/oferta/mieszkanie-42-m2-rewelacyjnie-skomunikowane-ID48Hhj.html#bbfcfc6f16
M4 Po Remoncie Bałuty blisko Koziny Manufaktura,Bałuty,3,299 000,44.81,6 673,https://www.otodom.pl/pl/oferta/m4-po-remoncie-baluty-blisko-koziny-manufaktura-ID48X3z.html#bbfcfc6f16
Komfortowa przestrzeń w loftowym stylu,Górna,2,235 200,36.75,6 400,https://www.otodom.pl/pl/oferta/komfortowa-przestrzen-w-loftowym-stylu-ID48X1l.html#bbfcfc6f16
Piękne wykończone 2 38m2 Łódź Górna,Górna,2,307 000,37.90,8 100,https://www.otodom.pl/oferta/piekne-wykonczone-2-pokoje-38m2-lodz-gorna-ID47hUk.html#bbfcfc6f16
Prywatnie M4 ŁódźKozinyul. Gazowa Po remoncie,Polesie,3,292 000,47.50,6 147,https://www.otodom.pl/oferta/prywatnie-m4-lodz-koziny-ul-gazowa-po-remoncie-ID48VYy.html#bbfcfc6f16
2-pokojowe mieszkanie Łódź Bałuty Doły,Bałuty,2,297 000,41.18,7 212,https://www.otodom.pl/pl/oferta/2-pokojowe-mieszkanie-lodz-baluty-doly-ID45lVq.html#c5636a838c
Bardzo ładne mieszkanie na Teofilowie,Bałuty,2,245 000,44.79,5 470,https://www.otodom.pl/pl/oferta/bardzo-ladne-mieszkanie-na-teofilowie-ID45FvA.html#c5636a838c
Prywatnie M3 ŁódźBałutyul .Sierakowskiego,Bałuty,2,262 000,38,6 895,https://www.otodom.pl/pl/oferta/prywatnie-m3-lodz-baluty-ul-sierakowskiego-ID48VXW.html#c5636a838c
Odnowione mieszkanie przy ul. Bardowskiego w Łodzi,Polesie,2,279 000,47.44,5 881,https://www.otodom.pl/pl/oferta/odnowione-mieszkanie-przy-ul-bardowskiego-w-lodzi-ID48VVI.html#c5636a838c
Łódź Teofilów po generalnym remoncie,Bałuty Teofilów,2,254 990,38,6 710,https://www.otodom.pl/oferta/lodz-teofilow-po-generalnym-remoncie-ID48VTo.html#c5636a838c
Przytulne M-3 z balkonem blisko basen i siłownia,Bałuty Teofilów,2,192 000,37.60,5 106,https://www.otodom.pl/pl/oferta/przytulne-m-3-z-balkonem-blisko-basen-i-silownia-ID48pSD.html#c5636a838c
Trzy Pokoje w Centrum przy Politechnice Łódzkiej,Śródmieście,3,313 540,51.35,6 106,https://www.otodom.pl/pl/oferta/trzy-pokoje-w-centrum-przy-politechnice-lodzkiej-ID48Qn1.html#c5636a838c
ZOBACZ FIZYCZNIE - Centrum/Widzew Teren Ogrodzony,Śródmieście,2,247 950,36.37,6 817,https://www.otodom.pl/oferta/zobacz-fizycznie-centrum-widzew-teren-ogrodzony-ID48VKe.html#c5636a838c
Trzy w Apartamentowcu Centrum-Widzew !!!,Śródmieście,3,305 760,51.61,5 924,https://www.otodom.pl/oferta/trzy-pokoje-w-apartamentowcu-centrum-widzew-ID48VHN.html#c5636a838c
DNI OTWARTE 3pok+balkon obok Politechniki Łódzkiej,Śródmieście,3,308 550,48.69,6 337,https://www.otodom.pl/pl/oferta/dni-otwarte-3pok-balkon-obok-politechniki-lodzkiej-ID48VI2.html#c5636a838c
Dwa Pokoje w Centrum przy Politechnice Łódzkiej,Śródmieście,2,257 980,40.36,6 392,https://www.otodom.pl/pl/oferta/dwa-pokoje-w-centrum-przy-politechnice-lodzkiej-ID48VGN.html#c5636a838c
Mieszkanie M3 ul.Piasta Łódź Górna - Polesie,Polesie,3,345 000,52,6 635,https://www.otodom.pl/pl/oferta/mieszkanie-m3-ul-piasta-lodz-gorna-polesie-ID48awx.html#c5636a838c
Trzy Centrum-Widzew RABAT 49.000 !!!,Śródmieście,3,288 900,48.91,5 907,https://www.otodom.pl/oferta/trzy-pokoje-centrum-widzew-rabat-49-000-ID48VFS.html#c5636a838c
Mieszkanie 4510 Łódź,Bałuty,2,289 000,45.10,6 408,https://www.otodom.pl/oferta/mieszkanie-45-10-m-lodz-ID48VCS.html#c5636a838c
M4 do wprowadzenia Balkon Dąbrowa.,Górna Dąbrowa,3,320 000,52,6 154,https://www.otodom.pl/pl/oferta/m4-do-wprowadzenia-balkon-dabrowa-ID48VA9.html#c5636a838c
M3 Łódź-Górna-Dąbrowa,Górna Dąbrowa,2,210 000,40,5 250,https://www.otodom.pl/oferta/m3-lodz-gorna-dabrowa-ID48VuI.html#c5636a838c
M4/ Karolew/ Osiedle Piaski,Polesie,3,299 000,53,5 642,https://www.otodom.pl/pl/oferta/m4-karolew-osiedle-piaski-ID48h5F.html#c5636a838c
Świetyna oferta mieszkanie z dużym potencjałem !!!,Bałuty,2,245 000,48,5 104,https://www.otodom.pl/pl/oferta/swietyna-oferta-mieszkanie-z-duzym-potencjalem-ID441MB.html#c5636a838c
Sprzedam mieszkanie po remoncie,Bałuty Doły,2,370 000,53.37,6 933,https://www.otodom.pl/pl/oferta/sprzedam-mieszkanie-po-remoncie-ID48mSw.html#c5636a838c
M3 po remoncie 42m2 bezpośrednio - umeblowane !,Bałuty,2,275 000,42,6 548,https://www.otodom.pl/oferta/m3-po-remoncie-42m2-bezposrednio-umeblowane-ID48Gy0.html#c5636a838c
M3-Łódź-Polesie-Koziny,Polesie Koziny,2,230 000,45,5 111,https://www.otodom.pl/oferta/m3-lodz-polesie-koziny-ID48VmD.html#c5636a838c
Rozkładowe M3 Po Remoncie,Górna,2,285 000,44.80,6 362,https://www.otodom.pl/pl/oferta/rozkladowe-m3-po-remoncie-ID48Vhd.html#c5636a838c
466 m2 II piętro blok z cegły do remontu,Górna,2,220 000,46.60,4 721,https://www.otodom.pl/oferta/46-6-m2-ii-pietro-blok-z-cegly-do-remontu-ID48Gop.html#c5636a838c
M-3 okol Ronda Lotników rozkładowe z balkonem,łódzkie,2,223 000,46,4 848,https://www.otodom.pl/pl/oferta/m-3-okol-ronda-lotnikow-rozkladowe-z-balkonem-ID48VdY.html#c5636a838c
M3 - 4595m2 - Wielkopolska,Bałuty,2,260 000,45.95,5 658,https://www.otodom.pl/pl/oferta/m3-45-95m2-wielkopolska-ID47z5b.html#5e760c2b01
Rozkładowe M3 w świetnej lokalizacji,Polesie Retkinia,2,269 000,42.42,6 341,https://www.otodom.pl/oferta/rozkladowe-m3-w-swietnej-lokalizacji-ID48wXc.html#5e760c2b01
Bardzo ładne mieszkanie na Teofilowie,Bałuty,2,245 000,44.79,5 470,https://www.otodom.pl/pl/oferta/bardzo-ladne-mieszkanie-na-teofilowie-ID45FvA.html#5e760c2b01
M3 w prywatnej kamienicy. 49m2 Co. Pcv,Śródmieście,3,255 000,49,5 204,https://www.otodom.pl/pl/oferta/m3-w-prywatnej-kamienicy-49m2-co-pcv-ID48VdJ.html#5e760c2b01
M3 rozkładowe Zarzew,Widzew,2,259 000,51.50,5 029,https://www.otodom.pl/pl/oferta/m3-rozkladowe-zarzew-ID48Vdf.html#5e760c2b01
Mieszkanie 51m2 2 taras DUŻY GARAŻ,Górna,2,357 000,51.12,6 984,https://www.otodom.pl/pl/oferta/mieszkanie-51m2-2-pokoje-taras-duzy-garaz-ID48V7L.html#5e760c2b01
Apartament 2 pok./Rabat - 24 000___Zapraszam,Widzew,2,301 710,41.83,7 213,https://www.otodom.pl/oferta/apartament-2-pok-rabat-24-000-zapraszam-ID48V5p.html#5e760c2b01
Zamieszkaj lub Wynajmij_____Zapraszam,Śródmieście,1,300 909,40.94,7 350,https://www.otodom.pl/oferta/zamieszkaj-lub-wynajmij-zapraszam-ID48V5q.html#5e760c2b01
Nowe M-3 na Black Week /Al.Piłsudskiego,Widzew,3,346 600,52.90,6 552,https://www.otodom.pl/pl/oferta/nowe-m-3-na-black-week-al-pilsudskiego-ID48V5l.html#5e760c2b01
Nowe M-2 z wysokim rabatem/Al.Piłsudskiego,Widzew,2,305 400,42.10,7 254,https://www.otodom.pl/pl/oferta/nowe-m-2-z-wysokim-rabatem-al-pilsudskiego-ID48V5m.html#5e760c2b01
Nowe M-3 w Promocyjnej Cenie /Al.Jana Pawła,Śródmieście,3,330 700,49.14,6 730,https://www.otodom.pl/pl/oferta/nowe-m-3-w-promocyjnej-cenie-al-jana-pawla-ID48V5j.html#5e760c2b01
Deweloperskie M-3 w cenie na Black Week /Al.Jana P,Śródmieście,3,353 320,52.52,6 727,https://www.otodom.pl/oferta/deweloperskie-m-3-w-cenie-na-black-week-al-jana-p-ID48V5k.html#5e760c2b01
Nowe M-2 z Dużym Rabatem/Pol. Łódzka,Śródmieście,2,279 460,40.36,6 924,https://www.otodom.pl/pl/oferta/nowe-m-2-z-duzym-rabatem-pol-lodzka-ID48V5h.html#5e760c2b01
M3Zarzew pełen rozkład balkon bardzo dobra cena,Widzew Zarzew,2,228 000,45,5 067,https://www.otodom.pl/pl/oferta/m3zarzew-pelen-rozklad-balkon-bardzo-dobra-cena-ID48WYw.html#5e760c2b01
M3Zarzew rozkładowe balkon bardzo dobra cena,Widzew Zarzew,2,205 000,38,5 395,https://www.otodom.pl/oferta/m3zarzew-rozkladowe-balkon-bardzo-dobra-cena-ID48WXY.html#5e760c2b01
M3Dąbrowa pełen rozkład balkon dobra cena,Górna Dąbrowa,2,210 000,40,5 250,https://www.otodom.pl/oferta/m3dabrowa-pelen-rozklad-balkon-dobra-cena-ID48WV4.html#5e760c2b01
Rabat 20 Tysięcy | Smart Home | Blisko centrum,Polesie Retkinia,2,281 826,41.50,6 791,https://www.otodom.pl/oferta/rabat-20-tysiecy-smart-home-blisko-centrum-ID48WNh.html#5e760c2b01
Rabat 30 Tysięcy | Smart Home | Blisko centrum,Polesie Retkinia,2,266 096,40.90,6 506,https://www.otodom.pl/pl/oferta/rabat-30-tysiecy-smart-home-blisko-centrum-ID48WNd.html#5e760c2b01
Mieszkanie 4510 Łódź,Bałuty Teofilów,2,215 000,45.10,4 767,https://www.otodom.pl/pl/oferta/mieszkanie-45-10-m-lodz-ID48Kba.html#5e760c2b01
Śliczne 2 pokojowe ul. Cieszyńska 18,Górna,2,302 000,42,7 190,https://www.otodom.pl/pl/oferta/sliczne-2-pokojowe-ul-cieszynska-18-ID48WHB.html#5e760c2b01
M-4 Retkinia Północ loggia parter,Polesie Retkinia,3,299 000,53,5 642,https://www.otodom.pl/pl/oferta/m-4-retkinia-polnoc-loggia-parter-ID48WHg.html#5e760c2b01
M-4 do wprowadzenia Górna Rondo Lotników Lwowskich,Górna,3,297 000,53,5 604,https://www.otodom.pl/pl/oferta/m-4-do-wprowadzenia-gorna-rondo-lotnikow-lwowskich-ID48WHf.html#5e760c2b01
M4 48m2 Zarzew 8piętro balkon!,Widzew Zarzew,3,249 000,48,5 188,https://www.otodom.pl/oferta/m4-48m2-zarzew-8pietro-balkon-ID48WF1.html#5e760c2b01
Kawalerka na sprzedaż,Polesie,1,199 000,36,5 528,https://www.otodom.pl/oferta/kawalerka-na-sprzedaz-ID48WEM.html#5e760c2b01
M-3 TBS Zgierz Łódź Olechów,Widzew,2,195 000,54.60,3 571,https://www.otodom.pl/oferta/m-3-tbs-zgierz-lodz-olechow-ID48WCg.html#5e760c2b01
Sprzedam zadbane M-4. REZERWACJA,Górna,3,340 000,55,6 182,https://www.otodom.pl/pl/oferta/sprzedam-zadbane-m-4-rezerwacja-ID48bGD.html#5e760c2b01
Mieszkanie inwestycyjne w centrum Łodzi 37 m2,Śródmieście,2,225 000,37.30,6 032,https://www.otodom.pl/pl/oferta/mieszkanie-inwestycyjne-w-centrum-lodzi-37-m2-ID48hXJ.html#1e952f8dd1
M3 (55m2) z dużą loggią / Widzew Wschód,Widzew Widzew-Wschód,2,314 000,55,5 709,https://www.otodom.pl/oferta/m3-55m2-z-duza-loggia-widzew-wschod-ID48Wtz.html#1e952f8dd1
Lokata w dobie COVID!!! Kup teraz sprzed za rok!!!,Widzew,2,261 864,37,7 077,https://www.otodom.pl/oferta/lokata-w-dobie-covid-kup-teraz-sprzed-za-rok-ID48fmE.html#1e952f8dd1
Dwa z balkonem w najlepszej części Bałut,Bałuty,2,260 000,46.55,5 585,https://www.otodom.pl/oferta/dwa-pokoje-z-balkonem-w-najlepszej-czesci-balut-ID48WpW.html#1e952f8dd1
M3 na Ip  -Dąbrowa balkon,Górna Dąbrowa,2,187 000,36.43,5 133,https://www.otodom.pl/pl/oferta/m3-na-ip-dabrowa-balkon-ID48WmY.html#1e952f8dd1
M-3 ok. 45 mkw do remontu Żabieniec,Bałuty Żabieniec,2,223 000,45,4 956,https://www.otodom.pl/oferta/m-3-ok-45-mkw-do-remontu-zabieniec-ID48Wie.html#1e952f8dd1
Sprzedam bezpośrednio idealne mieszkanie,Widzew Widzew-Wschód,2,245 000,46,5 326,https://www.otodom.pl/oferta/sprzedam-bezposrednio-idealne-mieszkanie-ID48W9J.html#1e952f8dd1
Wyposażona perełka/ park 3-go Maja/ blok z cegły,Widzew,2,319 000,46,6 935,https://www.otodom.pl/oferta/wyposazona-perelka-park-3-go-maja-blok-z-cegly-ID48FLB.html#1e952f8dd1
Mieszkanie 43 Łódź,Górna Rokicie,3,234 000,43,5 442,https://www.otodom.pl/pl/oferta/mieszkanie-43-m-lodz-ID48W1Y.html#1e952f8dd1
Sprzedam bezpośrednio M3,Bałuty,2,265 000,38.30,6 919,https://www.otodom.pl/pl/oferta/sprzedam-bezposrednio-m3-ID48FId.html#1e952f8dd1
Rozkładowe M2 | Super okolica | 1 pietro | Winda,Bałuty,2,239 990,46.50,5 161,https://www.otodom.pl/oferta/rozkladowe-m2-super-okolica-1-pietro-winda-ID48FHP.html#1e952f8dd1
M3-Łódź-Bałuty-Teofilów,Bałuty,2,230 000,45,5 111,https://www.otodom.pl/oferta/m3-lodz-baluty-teofilow-ID48UNT.html#1e952f8dd1
M3 do zamieszkania Bałuty Żubardź Żabieniec,Bałuty,2,275 000,47,5 851,https://www.otodom.pl/pl/oferta/m3-do-zamieszkania-baluty-zubardz-zabieniec-ID48UMu.html#1e952f8dd1
M3 Górna,Górna,2,172 000,36,4 778,https://www.otodom.pl/oferta/m3-gorna-ID48K65.html#1e952f8dd1
M3 (45m2) balkon / Teofilów / Ogród Jordanowski,Bałuty Teofilów,2,235 000,45.10,5 211,https://www.otodom.pl/oferta/m3-45m2-balkon-teofilow-ogrod-jordanowski-ID48UM5.html#1e952f8dd1
Mieszkanie 37 Łódź,Górna Dąbrowa,2,210 000,37,5 676,https://www.otodom.pl/pl/oferta/mieszkanie-37-m-lodz-ID48UxM.html#1e952f8dd1
Funkcjonalne mieszkanie obok Parku,Górna Dąbrowa,2,195 000,36.24,5 381,https://www.otodom.pl/oferta/funkcjonalne-mieszkanie-obok-parku-ID48UsX.html#1e952f8dd1
Umeblowane mieszkanie do wprowadzenia od zaraz,Widzew,3,295 000,52,5 673,https://www.otodom.pl/pl/oferta/umeblowane-mieszkanie-do-wprowadzenia-od-zaraz-ID48UsV.html#1e952f8dd1
M2 (36m2) w rejonie Starego Rynku,Śródmieście,1,185 000,36,5 139,https://www.otodom.pl/oferta/m2-36m2-w-rejonie-starego-rynku-ID48Unv.html#1e952f8dd1
Rabat 24 000zł oferta promocyjna C.H Tulipan,Widzew,2,298 900,42,7 117,https://www.otodom.pl/oferta/rabat-24-000zl-oferta-promocyjna-c-h-tulipan-ID48UmM.html#1e952f8dd1
Kusocińskiego (Retkinia) 3 na parterze,Polesie Retkinia,3,299 000,53,5 642,https://www.otodom.pl/oferta/kusocinskiego-retkinia-3-pokoje-na-parterze-ID48Ujj.html#1e952f8dd1
Rozkładowe M3 z balkonem na osiedlu Żubardź,Bałuty,2,269 000,46.07,5 839,https://www.otodom.pl/pl/oferta/rozkladowe-m3-z-balkonem-na-osiedlu-zubardz-ID48Ugs.html#1e952f8dd1
Widzew Zarzew. Funkcjonalne rozkładowe M4. Wolne,Widzew Zarzew,3,325 000,55,5 909,https://www.otodom.pl/oferta/widzew-zarzew-funkcjonalne-rozkladowe-m4-wolne-ID48Udy.html#1e952f8dd1
Sprzedam mieszkanie w apartamentowcu,Widzew,2,390 000,50,7 800,https://www.otodom.pl/pl/oferta/sprzedam-mieszkanie-w-apartamentowcu-ID48u1z.html#5c5aa864ea
2-pokojowe mieszkanie Łódź Bałuty Doły,Bałuty,2,297 000,41.18,7 212,https://www.otodom.pl/oferta/2-pokojowe-mieszkanie-lodz-baluty-doly-ID45lVq.html#5c5aa864ea
Rozkładowe M3 na Teofilowie. 45m2.,Bałuty Teofilów,2,245 000,45,5 444,https://www.otodom.pl/pl/oferta/rozkladowe-m3-na-teofilowie-45m2-ID48Xh1.html#5c5aa864ea
Mieszkanie na sprzedaż Łódź Stoki,łódzkie,3,260 000,50,5 200,https://www.otodom.pl/oferta/mieszkanie-na-sprzedaz-lodz-stoki-ID48UcO.html#5c5aa864ea
2 po remoncie -Żubardź,Bałuty,2,285 000,44.10,6 463,https://www.otodom.pl/oferta/2-pokoje-po-remoncie-zubardz-ID48U7l.html#5c5aa864ea
M3 Bałuty okazja,Bałuty,2,250 000,45,5 556,https://www.otodom.pl/oferta/m3-baluty-okazja-ID48U0y.html#5c5aa864ea
40m 2 z aneksem na Górnej 12000,Górna,2,12 000,40,300,https://www.otodom.pl/pl/oferta/40m-2-pokoje-z-aneksem-na-gornej-12000-zl-ID48TZ3.html#5c5aa864ea
Mieszkanie M-3 Łódź Dąbrowa,Górna,2,199 000,40.60,4 901,https://www.otodom.pl/pl/oferta/mieszkanie-m-3-lodz-dabrowa-ID481Hv.html#5c5aa864ea
Przutulne M3 na Teofilowie,Bałuty Teofilów,2,198 000,37,5 351,https://www.otodom.pl/pl/oferta/przutulne-m3-na-teofilowie-ID48TSB.html#5c5aa864ea
Black Week/Cena po rabacie!,Śródmieście,2,276 000,40.98,6 735,https://www.otodom.pl/pl/oferta/black-week-cena-po-rabacie-ID48TOG.html#5c5aa864ea
Rozkładowe M3- Nowe Centrum Łodzi,łódzkie,2,375 000,51.57,7 272,https://www.otodom.pl/oferta/rozkladowe-m3-nowe-centrum-lodzi-ID48TLx.html#5c5aa864ea
Mieszkanie dwupokojowe na Teofilowie do remontu,Bałuty Teofilów,2,199 000,37,5 378,https://www.otodom.pl/oferta/mieszkanie-dwupokojowe-na-teofilowie-do-remontu-ID48TDO.html#5c5aa864ea
Apartament 2 pokojowy w Ilumino Kilińskiego,Śródmieście,2,299 000,41.02,7 289,https://www.otodom.pl/oferta/apartament-2-pokojowy-w-ilumino-kilinskiego-ID46ms6.html#5c5aa864ea
M3 rozkładowe II p ul. Traktorowa,Bałuty Teofilów,2,245 000,45,5 444,https://www.otodom.pl/oferta/m3-rozkladowe-ii-p-ul-traktorowa-ID48TCp.html#5c5aa864ea
Osiedle KOLUMNY nowa inwestycja! etap I budynek J,Górna,2,315 531,04,53.68,5 878,https://www.otodom.pl/pl/oferta/osiedle-kolumny-nowa-inwestycja-etap-i-budynek-j-ID455hI.html#5c5aa864ea
3 gotowe do wprowadzenia,Bałuty,3,345 000,53.50,6 449,https://www.otodom.pl/pl/oferta/3-pokoje-gotowe-do-wprowadzenia-ID48Ty6.html#5c5aa864ea
3 w okolicach Manufaktury,Bałuty,3,269 000,45,5 978,https://www.otodom.pl/pl/oferta/3-pokoje-w-okolicach-manufaktury-ID48Tvw.html#5c5aa864ea
Na sprzedaż 3 pokojowe mieszkanie,Śródmieście,3,309 000,45,6 867,https://www.otodom.pl/pl/oferta/na-sprzedaz-3-pokojowe-mieszkanie-ID48TlZ.html#5c5aa864ea
Bezpośrednio Olechów 3 aneks 1 piętro,Widzew Olechów,3,293 000,54.70,5 356,https://www.otodom.pl/pl/oferta/bezposrednio-olechow-3-pokoje-aneks-1-pietro-ID48a9O.html#5c5aa864ea
Mieszkanie na nowym osiedlu fantastycznym widokiem,Śródmieście,3,400 575,53,7 558,https://www.otodom.pl/oferta/mieszkanie-na-nowym-osiedlu-fantastycznym-widokiem-ID48TkH.html#5c5aa864ea
Doskonała inwestycja 2 + balkon ! stan dewe,Śródmieście,2,273 963,40.89,6 700,https://www.otodom.pl/pl/oferta/doskonala-inwestycja-2-pokoje-balkon-stan-dewe-ID48TkG.html#5c5aa864ea
Dwa + balkon blisko Piotrkowskiej w nowej i,Śródmieście,2,311 847,44.87,6 950,https://www.otodom.pl/pl/oferta/dwa-pokoje-balkon-blisko-piotrkowskiej-w-nowej-i-ID48TkE.html#5c5aa864ea
Dwa + balkon blisko Piotrkowskiej w nowej i,Śródmieście,2,333 395,49.47,6 739,https://www.otodom.pl/oferta/dwa-pokoje-balkon-blisko-piotrkowskiej-w-nowej-i-ID48TkD.html#5c5aa864ea
Dwa + balkon blisko Piotrkowskiej w nowej i,Śródmieście,2,333 395,47.29,7 050,https://www.otodom.pl/pl/oferta/dwa-pokoje-balkon-blisko-piotrkowskiej-w-nowej-i-ID48TkB.html#5c5aa864ea
Kawalerka z balkonem okno-drzwiami I piętro,Polesie,1,250 000,38,6 579,https://www.otodom.pl/oferta/kawalerka-z-balkonem-okno-drzwiami-i-pietro-ID494cn.html#c3b0d6d9ec
M3 - 4595m2 - Wielkopolska,Bałuty,2,260 000,45.95,5 658,https://www.otodom.pl/pl/oferta/m3-45-95m2-wielkopolska-ID47z5b.html#c3b0d6d9ec
Rozkładowe mieszkanie Łódź-Retkinia,Polesie Retkinia,3,299 000,53,5 642,https://www.otodom.pl/oferta/rozkladowe-mieszkanie-lodz-retkinia-ID48ctc.html#c3b0d6d9ec
Dwa + balkon blisko Piotrkowskiej w nowej i,Śródmieście,2,333 395,47.29,7 050,https://www.otodom.pl/oferta/dwa-pokoje-balkon-blisko-piotrkowskiej-w-nowej-i-ID48Tky.html#c3b0d6d9ec
Mieszkanie 4510 Łódź,Bałuty Teofilów,2,235 000,45.10,5 211,https://www.otodom.pl/oferta/mieszkanie-45-10-m-lodz-ID48RB8.html#c3b0d6d9ec
2 37 m Zarzew przy parku,Widzew Zarzew,2,207 000,37,5 595,https://www.otodom.pl/oferta/2-pokoje-37-m-zarzew-przy-parku-ID48Tjk.html#c3b0d6d9ec
2 na Woonerfie. Rewitalizacja Centrum.,Górna,2,239 000,41.26,5 793,https://www.otodom.pl/oferta/2-pokoje-na-woonerfie-rewitalizacja-centrum-ID48Eiv.html#c3b0d6d9ec
2 Bałuty,Bałuty,2,226 000,38.30,5 901,https://www.otodom.pl/pl/oferta/2-pokoje-baluty-ID48T8l.html#c3b0d6d9ec
Na sprzedaż dwupokojowe mieszkanie w Łodzi,Bałuty,2,256 000,44.82,5 712,https://www.otodom.pl/oferta/na-sprzedaz-dwupokojowe-mieszkanie-w-lodzi-ID48T7e.html#c3b0d6d9ec
2 rondo Lotników Lwowskich,Górna,2,223 000,46,4 848,https://www.otodom.pl/pl/oferta/2-pokoje-rondo-lotnikow-lwowskich-ID48T3U.html#c3b0d6d9ec
Przestronna kawalerka Koziny,Polesie,1,204 000,36,5 667,https://www.otodom.pl/pl/oferta/przestronna-kawalerka-koziny-ID48T1F.html#c3b0d6d9ec
Rozkładowe M4 po remoncie,Bałuty,3,324 000,53,6 113,https://www.otodom.pl/pl/oferta/rozkladowe-m4-po-remoncie-ID48SZy.html#c3b0d6d9ec
3 rozkładowe Retkinia,Polesie,3,299 000,53,5 642,https://www.otodom.pl/pl/oferta/3-rozkladowe-pokoje-retkinia-ID48SWo.html#c3b0d6d9ec
Żubardź M-3 blok z cegły czwarte piętro balkon,Bałuty,2,274 000,46.07,5 947,https://www.otodom.pl/oferta/zubardz-m-3-blok-z-cegly-czwarte-pietro-balkon-ID48SU5.html#c3b0d6d9ec
Mieszkanie na sprzedaż Łódź Śródmieście,Śródmieście,2,215 000,43.50,4 943,https://www.otodom.pl/oferta/mieszkanie-na-sprzedaz-lodz-srodmiescie-ID48RgX.html#c3b0d6d9ec
3 Zarzew,Widzew,>10 pokoi,249 000,48,5 188,https://www.otodom.pl/oferta/3-pokoje-zarzew-ID48SIC.html#c3b0d6d9ec
Słoneczne mieszkanie na Olechowie ul. Cynarskiego,Widzew,2,379 000,51.77,7 321,https://www.otodom.pl/oferta/sloneczne-mieszkanie-na-olechowie-ul-cynarskiego-ID48Sr6.html#c3b0d6d9ec
M3 46m2 1p cegła z ogródkiem!,Górna,2,229 000,45.88,4 991,https://www.otodom.pl/oferta/m3-46m2-1p-cegla-z-ogrodkiem-ID48Smr.html#c3b0d6d9ec
M-3 rozkład Bałuty przy Żabieńcu,Bałuty,2,265 000,45.95,5 767,https://www.otodom.pl/pl/oferta/m-3-rozklad-baluty-przy-zabiencu-ID48Sml.html#c3b0d6d9ec
2 w apartamentowcu,Bałuty,2,245 000,43.92,5 578,https://www.otodom.pl/pl/oferta/2-pokoje-w-apartamentowcu-ID48S6x.html#c3b0d6d9ec
Trzy po remoncie Retkinia,Polesie Retkinia,3,337 000,53,6 358,https://www.otodom.pl/oferta/trzy-pokoje-po-remoncie-retkinia-ID48S1X.html#c3b0d6d9ec
Mieszkanie w centrum Łodzi  super inwestycja!!!,Śródmieście,3,233 500,53,4 406,https://www.otodom.pl/oferta/mieszkanie-w-centrum-lodzi-super-inwestycja-ID47B0J.html#c3b0d6d9ec
Mieszkanie Bałuty lutomierska 55m2,Bałuty,3,319 000,55,5 800,https://www.otodom.pl/oferta/mieszkanie-baluty-lutomierska-55m2-ID48DdT.html#c3b0d6d9ec
NOWE BUDOWNICTWO - 3 obok Parku Śledzia,Bałuty,3,297 131,48.71,6 100,https://www.otodom.pl/oferta/nowe-budownictwo-3-pokoje-obok-parku-sledzia-ID48RUV.html#c3b0d6d9ec
PIEKNE 3 pok WYSOKI STANDARD swiezo po remoncie.,Górna Kurak,3,310 000,45.90,6 754,https://www.otodom.pl/pl/oferta/piekne-3-pok-wysoki-standard-swiezo-po-remoncie-ID48NFY.html#b817e36df5
M-3 TBS Zgierz Łódź Olechów,Widzew,2,195 000,54.60,3 571,https://www.otodom.pl/pl/oferta/m-3-tbs-zgierz-lodz-olechow-ID48WCg.html#b817e36df5
Promocja! Świetna lokalizacja! Od dewelopera,Widzew,2,299 300,42.10,7 109,https://www.otodom.pl/pl/oferta/promocja-swietna-lokalizacja-od-dewelopera-ID48RKk.html#b817e36df5
Politechnika Łódzka! Miejsce postojowe gratis!,Polesie Retkinia,2,285 600,41.10,6 949,https://www.otodom.pl/oferta/politechnika-lodzka-miejsce-postojowe-gratis-ID48RKj.html#b817e36df5
Mieszkanie 38 Łódź,Bałuty Teofilów,2,244 985,38,6 447,https://www.otodom.pl/oferta/mieszkanie-38-m-lodz-ID48RGQ.html#b817e36df5
Sprzedam M3 Retkinia Botanik.,Polesie Retkinia,2,250 000,38.23,6 539,https://www.otodom.pl/oferta/sprzedam-m3-retkinia-botanik-ID47lyE.html#b817e36df5
Węglowa PRIMO Łódz,Śródmieście,2,392 000,45.12,8 688,https://www.otodom.pl/pl/oferta/weglowa-primo-lodz-ID48D3v.html#b817e36df5
M3 ul.Dąbrowskiego!!!,Górna,2,225 000,37,6 081,https://www.otodom.pl/oferta/m3-ul-dabrowskiego-ID48RDy.html#b817e36df5
Deweloperskie M-2 z wysokim rabatem/Politechnika Ł,Śródmieście,2,279 460,40.36,6 924,https://www.otodom.pl/oferta/deweloperskie-m-2-z-wysokim-rabatem-politechnika-l-ID48RzP.html#b817e36df5
3/ 2 piętro / okolice Parku Podolskiego,Górna,3,320 000,52.35,6 113,https://www.otodom.pl/oferta/3-pokoje-2-pietro-okolice-parku-podolskiego-ID48Rv4.html#b817e36df5
BałutyTeofilów2rozkładowedo wprowadzenia,Bałuty,2,285 000,44.10,6 463,https://www.otodom.pl/oferta/baluty-teofilow-2rozkladowe-pokoje-do-wprowadzenia-ID48RwX.html#b817e36df5
2-pokojowe mieszkanie z garderobą,Górna,2,228 360,37.05,6 164,https://www.otodom.pl/pl/oferta/2-pokojowe-mieszkanie-z-garderoba-ID47rzQ.html#b817e36df5
Rozkładowe M3 Bałuty Teofilów,Bałuty Teofilów,2,249 000,45,5 533,https://www.otodom.pl/oferta/rozkladowe-m3-baluty-teofilow-ID48Rjq.html#b817e36df5
3 w nowym apartamencie z ogródkiem centrum,Górna,3,309 000,52.53,5 882,https://www.otodom.pl/pl/oferta/3-pokoje-w-nowym-apartamencie-z-ogrodkiem-centrum-ID48RgV.html#b817e36df5
Dwa do wejścia! OKAZJA!,Górna,2,189 000,36,5 250,https://www.otodom.pl/oferta/dwa-pokoje-do-wejscia-okazja-ID48Re6.html#b817e36df5
Trzy 542m2 Koziny przy Manufakturze,Polesie Koziny,3,270 000,54.20,4 982,https://www.otodom.pl/pl/oferta/trzy-pokoje-54-2m2-koziny-przy-manufakturze-ID48RcV.html#b817e36df5
Mieszkanie z garażem 50m2 w apartamentowcu,Górna,2,270 000,50,5 400,https://www.otodom.pl/pl/oferta/mieszkanie-z-garazem-50m2-w-apartamentowcu-ID456X3.html#b817e36df5
Tylko U Nas!!! 2 Rozkładowe PokojeLoggia!!!,Górna Chojny,2,260 000,47,5 532,https://www.otodom.pl/pl/oferta/tylko-u-nas-2-rozkladowe-pokoje-loggia-ID47awA.html#b817e36df5
Na Sprzedaż ! 2-pokojwe mieszkanie loftowe,Górna,2,306 000,37.90,8 074,https://www.otodom.pl/pl/oferta/na-sprzedaz-2-pokojwe-mieszkanie-loftowe-ID48R6u.html#b817e36df5
M4 Nowe Rokicie Piasta,Górna,3,265 000,52,5 096,https://www.otodom.pl/oferta/m4-nowe-rokicie-piasta-ID48R6q.html#b817e36df5
Black Week! Nie Przegap! Promocja 4052m2 dwa po,Śródmieście,2,265 090,40.52,6 542,https://www.otodom.pl/pl/oferta/black-week-nie-przegap-promocja-40-52m2-dwa-po-ID48bwU.html#b817e36df5
Mieszkanie 2 pokojowe na Górniaku,Górna,2,242 000,45.92,5 270,https://www.otodom.pl/pl/oferta/mieszkanie-2-pokojowe-na-gorniaku-ID44t7S.html#b52d4b1318
Wyprzedaż 2020! Dwa 40m2+balkon 45m2,Śródmieście,2,269 976,40.14,6 726,https://www.otodom.pl/pl/oferta/wyprzedaz-2020-dwa-pokoje-40m2-balkon-4-5m2-ID48cj8.html#b52d4b1318
mieszkanie 2-pokojowe od zaraz cena do negocjacji,Bałuty,2,260 000,39.24,6 626,https://www.otodom.pl/pl/oferta/mieszkanie-2-pokojowe-od-zaraz-cena-do-negocjacji-ID48COx.html#b52d4b1318
Słoneczne przestronne 3-pokojowe mieszkanie,Górna,3,282 500,44,6 420,https://www.otodom.pl/oferta/sloneczne-przestronne-3-pokojowe-mieszkanie-ID47jPX.html#b52d4b1318
M-4 54m2 Polesie oś.Falista ul.Falista,Polesie Lublinek,3,262 000,54.20,4 834,https://www.otodom.pl/oferta/m-4-54m2-polesie-os-falista-ul-falista-ID48QAE.html#b52d4b1318
Funkcjonalne 2-pokojowe mieszkanie na Górnej!,Górna,2,274 360,51.29,5 349,https://www.otodom.pl/oferta/funkcjonalne-2-pokojowe-mieszkanie-na-gornej-ID48hCl.html#b52d4b1318
Trzy w Apartamentowcu Centrum-Widzew !!!,Śródmieście,3,305 760,51.61,5 924,https://www.otodom.pl/oferta/trzy-pokoje-w-apartamentowcu-centrum-widzew-ID48Qny.html#b52d4b1318
Dwa w Apartamentowcu - Centrum-Widzew !!!,Śródmieście,2,235 000,35.24,6 669,https://www.otodom.pl/pl/oferta/dwa-pokoje-w-apartamentowcu-centrum-widzew-ID48Qma.html#b52d4b1318
Trzy Centrum-Widzew RABAT 43.000 !!!,Śródmieście,3,294 200,48.91,6 015,https://www.otodom.pl/pl/oferta/trzy-pokoje-centrum-widzew-rabat-43-000-ID48QlS.html#b52d4b1318
Dwa w Apartamentowcu - Harmonogram 10/90 !!,Bałuty,2,250 059,40.66,6 150,https://www.otodom.pl/oferta/dwa-pokoje-w-apartamentowcu-harmonogram-10-90-ID48Qlx.html#b52d4b1318
Dwa w Apartamentowcu - Harmonogram 10/90 !!,Bałuty,2,228 903,37.22,6 150,https://www.otodom.pl/oferta/dwa-pokoje-w-apartamentowcu-harmonogram-10-90-ID48Qlf.html#b52d4b1318
Mieszkanie 52 Łódź,Bałuty Teofilów,2,255 000,52,4 904,https://www.otodom.pl/pl/oferta/mieszkanie-52-m-lodz-ID48Q7h.html#b52d4b1318
Mieszkanie z balkonem Teofilów Traktorowa,Bałuty,2,232 000,45.10,5 144,https://www.otodom.pl/oferta/mieszkanie-z-balkonem-teofilow-traktorowa-ID48mSx.html#b52d4b1318
Super oferta 2 pokoi na Dąbrowie !!,Górna,2,257 000,43,5 977,https://www.otodom.pl/oferta/super-oferta-2-pokoi-na-dabrowie-ID48PDs.html#b52d4b1318
M-4 53m2 Retkinia Zagrodniki 1Piętro Loggia,Polesie Retkinia,3,265 000,53,5 000,https://www.otodom.pl/oferta/m-4-53m2-retkinia-zagrodniki-1pietro-loggia-ID48Ppx.html#b52d4b1318
Politechnika Łódzka Bez prowizjiBliskość centrum,Polesie Retkinia,2,298 800,42,7 114,https://www.otodom.pl/pl/oferta/politechnika-lodzka-bez-prowizji-bliskosc-centrum-ID48Pji.html#b52d4b1318
Mieszkanie do własnej aranżacji.,Widzew Zarzew,3,237 000,47.22,5 019,https://www.otodom.pl/oferta/mieszkanie-do-wlasnej-aranzacji-ID48Pcr.html#b52d4b1318
M3 46m2 parter balkon Narutowicza Residence!,Śródmieście,2,360 000,45.28,7 951,https://www.otodom.pl/oferta/m3-46m2-parter-balkon-narutowicza-residence-ID48PaI.html#b52d4b1318
Olechów/Janów apartamentowiec 2020 &quot;pod klucz&quot;,Widzew Janów,2,385 000,44.07,8 736,https://www.otodom.pl/oferta/olechow-janow-apartamentowiec-2020-pod-klucz-ID48lGR.html#31613ff3c1
Ostatnie mieszkania Centrum ul. Rewolucji 27 Łódź,Śródmieście,2,199 000,45.39,4 384,https://www.otodom.pl/pl/oferta/ostatnie-mieszkania-centrum-ul-rewolucji-27-lodz-ID492CP.html#31613ff3c1
W pełni wyposażone 2 54m2 obok Manufaktury,Śródmieście,2,339 000,54,6 278,https://www.otodom.pl/pl/oferta/w-pelni-wyposazone-2-pokoje-54m2-obok-manufaktury-ID48fUh.html#31613ff3c1
Rozkładowe dwa z balkonem,Bałuty,2,215 000,37.48,5 736,https://www.otodom.pl/oferta/rozkladowe-dwa-pokoje-z-balkonem-ID46NXJ.html#31613ff3c1
Rozkładowe M-3 na Karolewie,Polesie,2,199 999,37,5 405,https://www.otodom.pl/pl/oferta/rozkladowe-m-3-na-karolewie-ID48C6M.html#31613ff3c1
M3 43m2 ok. Czerwonego Rynku 2piętro!,Górna,2,270 000,43,6 279,https://www.otodom.pl/oferta/m3-43m2-ok-czerwonego-rynku-2pietro-ID48P4F.html#31613ff3c1
Rozkładowe 2 - os. Wielkopolska,Bałuty,2,260 000,46,5 652,https://www.otodom.pl/pl/oferta/rozkladowe-2-pokoje-os-wielkopolska-ID48P3n.html#31613ff3c1
2 Dąbrowa balkon piętro,Górna Dąbrowa,2,230 000,36.24,6 347,https://www.otodom.pl/oferta/2-pokoje-dabrowa-balkon-pietro-ID48nI0.html#31613ff3c1
Funkcjonalne rozkładowe M3 z balkonem,Bałuty Żabieniec,2,235 000,45.20,5 199,https://www.otodom.pl/oferta/funkcjonalne-rozkladowe-m3-z-balkonem-ID48OYg.html#31613ff3c1
Rozkładowa Kawalerka Na Kozinach,Polesie Koziny,1,199 000,39.60,5 025,https://www.otodom.pl/pl/oferta/rozkladowa-kawalerka-na-kozinach-ID48OSI.html#31613ff3c1
Rozkładowe M4 - do wprowadzenia/ Park Podolski,Górna Dąbrowa,3,320 000,52.35,6 113,https://www.otodom.pl/pl/oferta/rozkladowe-m4-do-wprowadzenia-park-podolski-ID48OSF.html#31613ff3c1
M-3 54 m2 2 piętro Bałuty Spacerowa,Bałuty,2,270 000,54,5 000,https://www.otodom.pl/pl/oferta/m-3-54-m2-2-pietro-baluty-spacerowa-ID48OO0.html#31613ff3c1
Dwa do wejścia! OKAZJA!,Górna,2,189 000,36,5 250,https://www.otodom.pl/oferta/dwa-pokoje-do-wejscia-okazja-ID48OM0.html#31613ff3c1
3 w nowym apartamencie z ogródkiem centrum,Śródmieście,3,307 000,52.53,5 844,https://www.otodom.pl/pl/oferta/3-pokoje-w-nowym-apartamencie-z-ogrodkiem-centrum-ID48OL3.html#31613ff3c1
Piękny apartament w atrakcyjnej lokalizacji !!!,Polesie,2,380 000,54,7 037,https://www.otodom.pl/oferta/piekny-apartament-w-atrakcyjnej-lokalizacji-ID48OId.html#31613ff3c1
Mieszkanie Łódź Polesie/Retkinia ul. Retkińska,Polesie Retkinia,3,315 000,52.97,5 947,https://www.otodom.pl/pl/oferta/mieszkanie-lodz-polesie-retkinia-ul-retkinska-ID48OH8.html#31613ff3c1
2 Wielkopolska,Bałuty,2,265 000,46,5 761,https://www.otodom.pl/pl/oferta/2-pokoje-wielkopolska-ID48OFK.html#31613ff3c1
Mieszkanie - Łódź Bałuty,Bałuty,2,265 000,45.95,5 767,https://www.otodom.pl/pl/oferta/mieszkanie-lodz-baluty-ID48Oyg.html#31613ff3c1
Mieszkanie - Łódź Bałuty,Bałuty,2,219 000,45,4 867,https://www.otodom.pl/oferta/mieszkanie-lodz-baluty-ID48Ovt.html#31613ff3c1
Przytulne M-3 do wprowadzenia Blisko park Balkon,Górna Dąbrowa,2,230 000,36.24,6 347,https://www.otodom.pl/pl/oferta/przytulne-m-3-do-wprowadzenia-blisko-park-balkon-ID48LLs.html#31613ff3c1
Na sprzedaż mieszkanie w centrum miasta - Łódź,Śródmieście,1,207 000,36,5 750,https://www.otodom.pl/oferta/na-sprzedaz-mieszkanie-w-centrum-miasta-lodz-ID48OiO.html#31613ff3c1
3 pokojowe mieszkanie po remoncie.,Górna,3,335 000,54,6 204,https://www.otodom.pl/oferta/3-pokojowe-mieszkanie-po-remoncie-ID48OgO.html#31613ff3c1
Mieszkanie 45 Łódź,łódzkie,2,288 000,45,6 400,https://www.otodom.pl/oferta/mieszkanie-45-m-lodz-ID48Ogk.html#31613ff3c1
Gotowe 2 przy Fabrycznym osiedle Primo II,Śródmieście,2,322 000,41,7 854,https://www.otodom.pl/oferta/gotowe-2-pokoje-przy-fabrycznym-osiedle-primo-ii-ID48OdG.html#31613ff3c1
Osiedle Primo 2 pok z loggią 5 m2 pozw. na użytko,Śródmieście,2,336 000,45,7 467,https://www.otodom.pl/pl/oferta/osiedle-primo-2-pok-z-loggia-5-m2-pozw-na-uzytko-ID48OcO.html#31613ff3c1
2 pok z tarasem w super lokalizacji klucze na już,Śródmieście,2,379 000,44.15,8 584,https://www.otodom.pl/pl/oferta/2-pok-z-tarasem-w-super-lokalizacji-klucze-na-juz-ID48OcM.html#31613ff3c1
Piękne i przytulne mieszkanie na sprzedaż,łódzkie,2,285 000,43,6 628,https://www.otodom.pl/oferta/piekne-i-przytulne-mieszkanie-na-sprzedaz-ID494Jd.html#789d7bfe9a
Sprzedam Mieszkanie Łódź Bałuty,Bałuty,2,260 000,47,5 532,https://www.otodom.pl/oferta/sprzedam-mieszkanie-lodz-baluty-ID492e2.html#789d7bfe9a
Mieszkanie 2 pok. Osiedle Liściasta Park,Bałuty,2,370 000,47.50,7 789,https://www.otodom.pl/pl/oferta/mieszkanie-2-pok-osiedle-lisciasta-park-ID48XJE.html#789d7bfe9a
Mieszkanie 45 Łódź,Bałuty Teofilów,2,245 000,45,5 444,https://www.otodom.pl/oferta/mieszkanie-45-m-lodz-ID48Oc2.html#789d7bfe9a
Mieszkanie w atrakcyjnym punkcie lokalizacyjnym,Bałuty,2,265 000,43.20,6 134,https://www.otodom.pl/pl/oferta/mieszkanie-w-atrakcyjnym-punkcie-lokalizacyjnym-ID48OaY.html#789d7bfe9a
Trzy Centrum-Widzew RABAT 49.000 !!!,Śródmieście,3,288 900,48.91,5 907,https://www.otodom.pl/pl/oferta/trzy-pokoje-centrum-widzew-rabat-49-000-ID48OaW.html#789d7bfe9a
Mieszkanie 5235 Łódź,Górna,3,320 000,52.35,6 113,https://www.otodom.pl/oferta/mieszkanie-52-35-m-lodz-ID48OaC.html#789d7bfe9a
Apartament 3 pok.____Hot oferta __Rabat 31 500,Widzew,3,372 721,53.91,6 914,https://www.otodom.pl/oferta/apartament-3-pok-hot-oferta-rabat-31-500-zl-ID48O9L.html#789d7bfe9a
Apartament 2 pok. Smart Home – Zapraszam,Widzew,2,305 492,41.83,7 303,https://www.otodom.pl/oferta/apartament-2-pok-smart-home-zapraszam-ID48O9K.html#789d7bfe9a
Miejsce postojowe naziemne i Smart Basic w cenie!!,Śródmieście,3,353 999,52.78,6 707,https://www.otodom.pl/oferta/miejsce-postojowe-naziemne-i-smart-basic-w-cenie-ID48O9J.html#789d7bfe9a
Wyjątkowa Oferta __M3____Zapraszam,Śródmieście,3,345 208,51.44,6 711,https://www.otodom.pl/oferta/wyjatkowa-oferta-m3-zapraszam-ID48O9H.html#789d7bfe9a
Apartament 3 pok. - Zapraszam na spotkanie – Rabat,Widzew,3,349 661,52.54,6 655,https://www.otodom.pl/pl/oferta/apartament-3-pok-zapraszam-na-spotkanie-rabat-ID48O9G.html#789d7bfe9a
Apartament 3 pok. Smart Home – Zapraszam,Widzew,3,351 406,52.80,6 655,https://www.otodom.pl/oferta/apartament-3-pok-smart-home-zapraszam-ID48O9F.html#789d7bfe9a
Apartament 3 pok.- Rabat 42 500 - Nie zwlekaj,Widzew,3,347 203,52.54,6 608,https://www.otodom.pl/pl/oferta/apartament-3-pok-rabat-42-500-nie-zwlekaj-ID48O9C.html#789d7bfe9a
Wyjątkowa Oferta__M2__Smart Basic w cenie,Śródmieście,2,289 982,40.86,7 097,https://www.otodom.pl/oferta/wyjatkowa-oferta-m2-smart-basic-w-cenie-ID48O9w.html#789d7bfe9a
Miejsce postojowe naziemne i Smart Basic w cenie!!,Śródmieście,2,288 072,40.86,7 050,https://www.otodom.pl/oferta/miejsce-postojowe-naziemne-i-smart-basic-w-cenie-ID48O9o.html#789d7bfe9a
Rozkładowe 2 Doły blisko Asp.,Bałuty,2,270 000,52,5 192,https://www.otodom.pl/pl/oferta/rozkladowe-2-pokoje-doly-blisko-asp-ID48O1y.html#789d7bfe9a
M-4 ładne wyposażone na Dąbrowie,Górna Dąbrowa,3,320 000,52.35,6 113,https://www.otodom.pl/oferta/m-4-ladne-wyposazone-na-dabrowie-ID48O0k.html#789d7bfe9a
2 na Dołach/Asp,Bałuty,2,266 000,50.25,5 294,https://www.otodom.pl/pl/oferta/2-pokoje-na-dolach-asp-ID48NXR.html#789d7bfe9a
M2 okolice parku na zdrowiu okazja,Polesie Koziny,1,207 000,36,5 750,https://www.otodom.pl/pl/oferta/m2-okolice-parku-na-zdrowiu-okazja-ID48NXM.html#789d7bfe9a
M3 Stary Widzew parter loggia,Widzew,2,205 000,37.20,5 511,https://www.otodom.pl/oferta/m3-stary-widzew-parter-loggia-ID48NRZ.html#789d7bfe9a
Na sprzedaż mieszkanie 513 mkw w centrum miasta,Śródmieście,2,250 000,51.02,4 900,https://www.otodom.pl/pl/oferta/na-sprzedaz-mieszkanie-51-3-mkw-w-centrum-miasta-ID48NQb.html#789d7bfe9a
M3 Łódź Górna,Górna,2,270 000,42.98,6 282,https://www.otodom.pl/oferta/m3-lodz-gorna-ID48NNf.html#789d7bfe9a
M3 4242m2 loggia winda tereny zielone,Polesie Retkinia,2,245 000,42.42,5 776,https://www.otodom.pl/pl/oferta/m3-42-42m2-loggia-winda-tereny-zielone-ID48NFx.html#789d7bfe9a
Kawalerka 36m2 po remoncie na zdrowiu,Polesie Koziny,1,199 000,36,5 528,https://www.otodom.pl/oferta/kawalerka-36m2-po-remoncie-na-zdrowiu-ID48NFv.html#789d7bfe9a
M2__Specjalna Hot oferta dla Państwa - Zapraszam,Śródmieście,2,288 072,40.86,7 050,https://www.otodom.pl/pl/oferta/m2-specjalna-hot-oferta-dla-panstwa-zapraszam-ID48NCQ.html#789d7bfe9a
HOT OFERTA obok Manufaktury NOWE 2 pok z balkonem,Śródmieście,2,233 090,35.68,6 533,https://www.otodom.pl/pl/oferta/hot-oferta-obok-manufaktury-nowe-2-pok-z-balkonem-ID48NBI.html#789d7bfe9a
Franciszkańska 139 - zielono cicho wygodnie,Bałuty,3,312 000,54.20,5 756,https://www.otodom.pl/oferta/franciszkanska-139-zielono-cicho-wygodnie-ID46DbN.html#80e84162cb
Mieszkanie I piętro Centrum,Śródmieście,2,219 000,51.16,4 281,https://www.otodom.pl/pl/oferta/mieszkanie-i-pietro-centrum-ID48OC4.html#80e84162cb
2-pokojowe mieszkanie Łódź Bałuty Doły,Bałuty,2,297 000,41.18,7 212,https://www.otodom.pl/oferta/2-pokojowe-mieszkanie-lodz-baluty-doly-ID45lVq.html#80e84162cb
M-3 (45) WiciTeofilów1-piętro,Bałuty,2,229 000,45,5 089,https://www.otodom.pl/oferta/m-3-45-wici-teofilow-1-pietro-ID48AtD.html#80e84162cb
Mieszkanie trzypokojowe na sprzedaż.,Górna,3,320 000,52.35,6 113,https://www.otodom.pl/pl/oferta/mieszkanie-trzypokojowe-na-sprzedaz-ID48Nt1.html#80e84162cb
Umeblowane mieszkanie po remoncie,Bałuty Żabieniec,2,275 000,47,5 851,https://www.otodom.pl/oferta/umeblowane-mieszkanie-po-remoncie-ID48Nsy.html#80e84162cb
Idealny Stan Nieruchomości.,Śródmieście,2,359 000,52,6 904,https://www.otodom.pl/oferta/idealny-stan-nieruchomosci-ID3TMuk.html#80e84162cb
M- 3 Retkinia ! Tomaszewicza  Parter  Loggia !!,Polesie Retkinia,2,267 000,45.92,5 814,https://www.otodom.pl/pl/oferta/m-3-retkinia-tomaszewicza-parter-loggia-ID48Nqb.html#80e84162cb
M2 Bardowskiego/Koziny!!!,Polesie,1,199 000,39.60,5 025,https://www.otodom.pl/pl/oferta/m2-bardowskiego-koziny-ID48Nq8.html#80e84162cb
Rozkładowe M3 w bloku z cegły z balkonem,Bałuty,2,269 000,52.20,5 153,https://www.otodom.pl/oferta/rozkladowe-m3-w-bloku-z-cegly-z-balkonem-ID48Nll.html#80e84162cb
Mieszkanie M-3 Widzew Elsnera Nowa Cena,Widzew,2,270 000,50,5 400,https://www.otodom.pl/oferta/mieszkanie-m-3-widzew-elsnera-nowa-cena-ID46uZF.html#80e84162cb
50m2 + ogródek + miejsce parkingowe,Widzew Stoki,2,265 000,50,5 300,https://www.otodom.pl/oferta/50m2-ogrodek-miejsce-parkingowe-ID48N3W.html#80e84162cb
2 pokojowe mieszkanie w trakcie remontu,Górna Dąbrowa,2,272 000,44,6 182,https://www.otodom.pl/pl/oferta/2-pokojowe-mieszkanie-w-trakcie-remontu-ID48MWn.html#80e84162cb
M3 52m2 rozkładowe 2piętro blok cegła!,Bałuty,2,270 000,52,5 192,https://www.otodom.pl/pl/oferta/m3-52m2-rozkladowe-2pietro-blok-cegla-ID48MUh.html#80e84162cb
Nowe Apartamenty – Stworzone dla Ciebie,Śródmieście,1,258 863,38.35,6 750,https://www.otodom.pl/oferta/nowe-apartamenty-stworzone-dla-ciebie-ID48MSM.html#80e84162cb
Wyjątkowy przestronny apartament dla Ciebie,Śródmieście,1,300 909,40.94,7 350,https://www.otodom.pl/oferta/wyjatkowy-przestronny-apartament-dla-ciebie-ID48MSN.html#80e84162cb
Oferta idealna dla Inwestorów pod wynajem,Śródmieście,1,285 327,38.82,7 350,https://www.otodom.pl/oferta/oferta-idealna-dla-inwestorow-pod-wynajem-ID48MSL.html#80e84162cb
Apartamenty__Zobacz wszystko na jednym spotkaniu,Śródmieście,1,262 698,38.35,6 850,https://www.otodom.pl/pl/oferta/apartamenty-zobacz-wszystko-na-jednym-spotkaniu-ID48MSI.html#80e84162cb
Black Week 2020 - Apartament 3 pokojowy -Rabat,Widzew,3,334 615,51.27,6 527,https://www.otodom.pl/oferta/black-week-2020-apartament-3-pokojowy-rabat-ID48MSH.html#80e84162cb
Apartament 3 pok.___Black Week 2020 ___Rabat,Widzew,3,333 513,50.74,6 573,https://www.otodom.pl/oferta/apartament-3-pok-black-week-2020-rabat-ID48MSC.html#80e84162cb
Apartament 3 pok.____ Mieszkaniowy Black Week 2020,Widzew,3,333 513,50.74,6 573,https://www.otodom.pl/pl/oferta/apartament-3-pok-mieszkaniowy-black-week-2020-ID48MSx.html#80e84162cb
Apartament 3 pok.___Black Week 2020 ___Rabat,Widzew,3,331 792,49.71,6 675,https://www.otodom.pl/pl/oferta/apartament-3-pok-black-week-2020-rabat-ID48MSr.html#80e84162cb
Black Week 2020 - Apartament 3 pokojowy -Rabat,Widzew,3,334 615,51.27,6 527,https://www.otodom.pl/oferta/black-week-2020-apartament-3-pokojowy-rabat-ID48MSp.html#80e84162cb
Black Week 2020 - Apartament 3 pokojowy -Rabat,Widzew,3,317 737,48.61,6 536,https://www.otodom.pl/oferta/black-week-2020-apartament-3-pokojowy-rabat-ID48MSn.html#80e84162cb
Mieszkaniowy Black Week 2020 - Zapraszam,Śródmieście,3,357 357,52.78,6 771,https://www.otodom.pl/oferta/mieszkaniowy-black-week-2020-zapraszam-ID48MSm.html#80e84162cb
Mieszkaniowy Black Week 2020 - Świetne rabaty,Śródmieście,3,348 453,51.44,6 774,https://www.otodom.pl/pl/oferta/mieszkaniowy-black-week-2020-swietne-rabaty-ID48MSj.html#80e84162cb
Mieszkaniowy Black Week 2020 - Świetne rabaty,Śródmieście,3,353 327,52.20,6 769,https://www.otodom.pl/pl/oferta/mieszkaniowy-black-week-2020-swietne-rabaty-ID48MSg.html#80e84162cb
*rezerwacja* Przytulne dwa na Dąbrowie,Górna Dąbrowa,2,195 000,36.32,5 369,https://www.otodom.pl/oferta/rezerwacja-przytulne-dwa-pokoje-na-dabrowie-ID490bt.html#b9456a5128
Rozkładowe mieszkanie Łódź-Retkinia,Polesie Retkinia,3,299 000,53,5 642,https://www.otodom.pl/pl/oferta/rozkladowe-mieszkanie-lodz-retkinia-ID48ctc.html#b9456a5128
M3 ok. Politechniki Łódzkiej blok cegła,Górna,2,190 000,37.90,5 013,https://www.otodom.pl/pl/oferta/m3-ok-politechniki-lodzkiej-blok-cegla-ID48MKa.html#b9456a5128
Nowa Przędzalnia Etap III Klucze czekają na Ciebie,Śródmieście,2,246 000,39.46,6 234,https://www.otodom.pl/oferta/nowa-przedzalnia-etap-iii-klucze-czekaja-na-ciebie-ID48E5S.html#b9456a5128
3 w Centrum apartament z 2019r,łódzkie,3,398 000,50,7 960,https://www.otodom.pl/oferta/3-pokoje-w-centrum-apartament-z-2019r-ID48MD1.html#b9456a5128
2 pokojowe rozkładowe mieszkanie z balkonem- 45 m2,Bałuty Teofilów,2,245 000,45,5 444,https://www.otodom.pl/oferta/2-pokojowe-rozkladowe-mieszkanie-z-balkonem-45-m2-ID48MBU.html#b9456a5128
Przytulne mieszkanie do własnej aranżacji,Polesie Retkinia,2,255 000,41.69,6 117,https://www.otodom.pl/pl/oferta/przytulne-mieszkanie-do-wlasnej-aranzacji-ID48Mdg.html#b9456a5128
2 pokojowe mieszkanie w apartamentowcu,Górna,2,349 000,40.90,8 533,https://www.otodom.pl/pl/oferta/2-pokojowe-mieszkanie-w-apartamentowcu-ID48MwA.html#b9456a5128
M-2 duże przestronne w pobliżu Manufaktury,Polesie Koziny,1,199 000,39.60,5 025,https://www.otodom.pl/oferta/m-2-duze-przestronne-w-poblizu-manufaktury-ID48Mtt.html#b9456a5128
(Rezerwacja) M3 1 Piętro Pełen Rozkład Teofilów,Bałuty Żabieniec,2,210 000,45,4 667,https://www.otodom.pl/pl/oferta/rezerwacja-m3-1-pietro-pelen-rozklad-teofilow-ID48Hw1.html#b9456a5128
M3 Śródmieście Bałuty przy Manufakturze Okazja,Bałuty,2,246 000,38,6 474,https://www.otodom.pl/oferta/m3-srodmiescie-baluty-przy-manufakturze-okazja-ID48Mk4.html#b9456a5128
M3 ul.Parcelacyjna /Teofilów !!,Bałuty,2,289 000,45.31,6 378,https://www.otodom.pl/oferta/m3-ul-parcelacyjna-teofilow-ID48McQ.html#b9456a5128
Mieszkanie 3587 Łódź,Bałuty,1,185 000,35.87,5 158,https://www.otodom.pl/pl/oferta/mieszkanie-35-87-m-lodz-ID48M4N.html#b9456a5128
Mieszkanie 5353 Łódź,Śródmieście,2,250 000,53.53,4 670,https://www.otodom.pl/pl/oferta/mieszkanie-53-53-m-lodz-ID48M2G.html#b9456a5128
M4Dąbrowa rozkładowe balkon super cena,Górna Dąbrowa,3,289 000,54,5 352,https://www.otodom.pl/oferta/m4dabrowa-rozkladowe-balkon-super-cena-ID48M2o.html#b9456a5128
Mieszkanie - Łódź Bałuty,Bałuty,2,225 000,45,5 000,https://www.otodom.pl/oferta/mieszkanie-lodz-baluty-ID48M0P.html#b9456a5128
M4Zarzew rozkładowe balkon do wprowadzenia okazja,Widzew Zarzew,3,247 000,48,5 146,https://www.otodom.pl/oferta/m4zarzew-rozkladowe-balkon-do-wprowadzenia-okazja-ID48LZp.html#b9456a5128
3 54m2 - ul. Maratońska 25,Polesie,3,295 000,54,5 463,https://www.otodom.pl/oferta/3-pokoje-54m2-ul-maratonska-25-ID48LE2.html#b9456a5128
2 balkon rozkładowe Bałutyblisko Koziny,Bałuty,2,227 000,46.36,4 896,https://www.otodom.pl/oferta/2-pokoje-balkon-rozkladowe-baluty-blisko-koziny-ID48Lzx.html#b9456a5128
Ostatnie kawalerki w tej inwestycji – Nie czekaj,Śródmieście,1,281 445,38.82,7 250,https://www.otodom.pl/pl/oferta/ostatnie-kawalerki-w-tej-inwestycji-nie-czekaj-ID48Lxq.html#b9456a5128
M3 Górna-Dąbrowa,Górna Dąbrowa,2,210 000,37,5 676,https://www.otodom.pl/pl/oferta/m3-gorna-dabrowa-ID48Lxn.html#b9456a5128
M3 WIDZEW rozkładowe loggia,Widzew,2,277 000,48.85,5 670,https://www.otodom.pl/oferta/m3-widzew-rozkladowe-loggia-ID48Lx2.html#b9456a5128
Kawalerka 36m2 ok. Wapiennej (Makro) po remoncie,Polesie,1,204 000,36,5 667,https://www.otodom.pl/pl/oferta/kawalerka-36m2-ok-wapiennej-makro-po-remoncie-ID48LuY.html#b9456a5128
M3 45m2 3 piętro ul.Limankowskiego Polecam.,Bałuty,2,246 500,45,5 478,https://www.otodom.pl/pl/oferta/m3-45m2-3-pietro-ul-limankowskiego-polecam-ID48Lob.html#b9456a5128
Słoneczne mieszkanie 40m2 Łódź Górna Dąbrowa,Górna,2,210 000,39.66,5 295,https://www.otodom.pl/pl/oferta/sloneczne-mieszkanie-40m2-lodz-gorna-dabrowa-ID48Tk0.html#c11985ed5b
Na sprzedaż M3 Łódź Dąbrowa Chojny Zarzew,Górna Dąbrowa,2,245 000,39.66,6 178,https://www.otodom.pl/pl/oferta/na-sprzedaz-m3-lodz-dabrowa-chojny-zarzew-ID48Lmt.html#c11985ed5b
M-3 Czerwony RYNEK - Rozkładowe,Górna,2,245 000,43,5 698,https://www.otodom.pl/pl/oferta/m-3-czerwony-rynek-rozkladowe-ID48LkU.html#c11985ed5b
Nowe M-2 z tarasem i ogródkiem/Od Zaraz !!!,Śródmieście,2,246 000,39.46,6 234,https://www.otodom.pl/pl/oferta/nowe-m-2-z-tarasem-i-ogrodkiem-od-zaraz-ID48I2B.html#c11985ed5b
Nowe M-2 dostępne od reki /Pol.Łódzka,Śródmieście,2,256 000,39.46,6 488,https://www.otodom.pl/pl/oferta/nowe-m-2-dostepne-od-reki-pol-lodzka-ID48I2C.html#c11985ed5b
Mieszkanie - Łódź Bałuty,Bałuty,2,325 000,49.45,6 572,https://www.otodom.pl/pl/oferta/mieszkanie-lodz-baluty-ID48Lhm.html#c11985ed5b
Mieszkanie komunalne 45m2 Zamiana Łódź,łódzkie,2,10 000,45,222,https://www.otodom.pl/oferta/mieszkanie-komunalne-45m2-zamiana-lodz-ID48LgU.html#c11985ed5b
Na sprzedaż mieszkanie 4198 m.kw. Primo,Śródmieście,2,314 430,41.98,7 490,https://www.otodom.pl/oferta/na-sprzedaz-mieszkanie-41-98-m-kw-primo-ID48L8h.html#c11985ed5b
Duża kawalerka na osiedlu Jagiełły,łódzkie,1,205 000,35,5 857,https://www.otodom.pl/oferta/duza-kawalerka-na-osiedlu-jagielly-ID48L7K.html#c11985ed5b
Mieszkanie 2 - pokojowe o powierzchni 50,Śródmieście,2,300 000,50,6 000,https://www.otodom.pl/oferta/mieszkanie-2-pokojowe-o-powierzchni-50-m-ID48L71.html#c11985ed5b
Mieszkanie Retkinia 2 - 46m2 parter,Polesie Retkinia,2,260 000,45.92,5 662,https://www.otodom.pl/oferta/mieszkanie-retkinia-2-pokoje-46m2-parter-ID48L6x.html#c11985ed5b
M4 Powstańców Wlkp. po remoncie + wyposażenie!,Bałuty,3,299 000,44.81,6 673,https://www.otodom.pl/oferta/m4-powstancow-wlkp-po-remoncie-wyposazenie-ID480Js.html#c11985ed5b
Rozkładowe M4 Retkinia po remoncie,Polesie Retkinia,3,349 000,53,6 585,https://www.otodom.pl/pl/oferta/rozkladowe-m4-retkinia-po-remoncie-ID48wIQ.html#c11985ed5b
Mieszkanie 45 Łódź,Bałuty,2,229 000,45,5 089,https://www.otodom.pl/pl/oferta/mieszkanie-45-m-lodz-ID48KSm.html#c11985ed5b
M3Chojny pełen rozkład balkon do wprowadzenia,Górna Chojny,2,255 000,51,5 000,https://www.otodom.pl/pl/oferta/m3chojny-pelen-rozklad-balkon-do-wprowadzenia-ID48KK3.html#c11985ed5b
Dwupak inwestycyjny wynajęty pracujący rentowny,Śródmieście,2,260 000,35,7 429,https://www.otodom.pl/oferta/dwupak-inwestycyjny-wynajety-pracujacy-rentowny-ID48KEc.html#c11985ed5b
Mieszkanie 4515 Łódź,Górna,2,257 355,45.15,5 700,https://www.otodom.pl/pl/oferta/mieszkanie-45-15-m-lodz-ID48KzD.html#c11985ed5b
Mieszkanie 3-pokojowe na Zarzewiu cena 5100zł/m.,Widzew Zarzew,3,245 000,48,5 104,https://www.otodom.pl/pl/oferta/mieszkanie-3-pokojowe-na-zarzewiu-cena-5100zl-m-ID48KuP.html#c11985ed5b
2 przy Uniwersytecie Łódzkim miejskie z mie,Śródmieście,2,190 000,35,5 429,https://www.otodom.pl/pl/oferta/2-pokoje-przy-uniwersytecie-lodzkim-miejskie-z-mie-ID47RUL.html#c11985ed5b
M-4 na Janowie z aneksem kuchennym,Widzew Olechów,3,295 000,52,5 673,https://www.otodom.pl/pl/oferta/m-4-na-janowie-z-aneksem-kuchennym-ID48ywV.html#c11985ed5b
Mieszkanie 4885 Łódź,Widzew,2,277 000,48.85,5 670,https://www.otodom.pl/pl/oferta/mieszkanie-48-85-m-lodz-ID48Ksw.html#c11985ed5b
Prestiżowa inwestycja wysoki standard!,Śródmieście,2,333 923,49.47,6 750,https://www.otodom.pl/pl/oferta/prestizowa-inwestycja-wysoki-standard-ID48KbK.html#c11985ed5b
M4 rozkładowe 54m2 balkon Retkinia Polecam!,Polesie Retkinia,3,290 000,54,5 370,https://www.otodom.pl/pl/oferta/m4-rozkladowe-54m2-balkon-retkinia-polecam-ID47r8U.html#c11985ed5b
Na sprzedasz mieszkanie Łódź-Górna,Górna,2,355 000,50.09,7 087,https://www.otodom.pl/oferta/na-sprzedasz-mieszkanie-lodz-gorna-ID48K2T.html#c11985ed5b
